,,,,,,,,,
Prilog 4- Ugovorni troškovnik- TRIBE INŽENJERING d.o.o.,,,,,,,,,
31.03.2025.,,,,,,,,,
,,,,,,,,,
Kaufland Hrvatska k.d.,,,,,,,,,
"Donje svetice 14 10000 Zagreb, Hrvatska",,,,,,,,,
Broj telefona: 0994344287,,,,,,,,,
,,,,,,,,,
Projekt: Osijek-Retfala,,,,,,,,,
"Gradilište: Svilajska ul., 31000 Osijek",,,,,,,,,
,,,,,,,,,
,,,,,,,,,
,,,,,,,,,
,,Ukupni neto iznos,,,,,90320.68,,
,,Popust,0%,,,,,,
,,Ukupni iznos s popustom,,,,,,,
,,Zakonska stopa PDV-a,0%,,,,,,
,,Ukupni bruto iznos,,,,,,,
,,Gotovinski popust/Rok u danima,0%,0,,,,,
,,Ukupni bruto iznos (s gotovinskim popustom),,,,,,,
,,,,,,,,,
,,,,,,,,,
Kod,Vrsta,Kratki opis,Dugi opis,Količina,Jedinica,Jedinična cijena,Ukupno,bidderInputLabels,
,,,,,,,,,
309,,Vanjska i unutarnja ALU bravarija,,,,,54700,,
309.000,,Prethodne napomene,,,,,0,,
,,ZTV - Dodatni tehnički uvjeti ugovora,"1.) Dodatni ugovoreni tehnički uvjeti dio su troškovnika te u slučaju ugovaranja postaju dio ugovora. Izvođač radova se dakle obavezuje na sve radove i primjene koje proizlaze iz ovih uvjeta te su one uračunate u cijenu, ukoliko nisu zasebno ponuđene.

2.) Cijene stavki se prikazuju kao neto iznos u državnoj valuti. Važeći zakonski propisani porez na dodanu vrijednost obračunava se zasebno.

3.) U slučaju proturječnosti dodatnih ugovorenih tehničkih uvjeta vrijede prvenstveno podaci iz troškovnika. U slučaju proturječnosti između troškovnika i tehničke dokumentacije koja se predaje prilikom natječaja, vrijedi tehnička dokumentacija.

4.) Prije početka davanja ponude, ponuditelj je dužan pažljivo pročitati kompletan tekst općih uvjeta uz troškovnik, općih i posebnih uvjeta uz svaku grupu radova, tekst samog troškovnika i ostale dijelove tehničke dokumentacije. Ako opis bilo koje stavke u troškovniku dovodi do sumnje o načinu izvedbe ili upotrebu gradiva zahtijevane kvalitete, treba prije predaje ponude zatražiti pojašnjenje od ovlaštene osobe Investitora. Naknadno pozivanje na manjkavost ili nepoznavanje projektno-tehničke dokumentacije ili opisa u troškovniku neće se uzeti u obzir, niti smatrati razlogom za produženje roka izvedbe, a niti će se priznati bilo kakva razlika u cijeni s tog naslova.

5.) Tehnička dokumentacija koja se predaje prilikom natječaja informativnog je karaktera, a ponuđač je dužan u svom trošku izvršiti kontrolu projektno tehničke dokumentacije u smislu točnosti, tehničke ispravnosti, izvedivosti i međusobne usklađenosti. Sve eventualne primjedbe ponuditelj/izvoditelj dužan je pravovremeno uz ponudu, a u svakom slučaju prije izvedbe u pisanom obliku dostaviti Nadzoru i Naručitelju

6.) Ponuditelj je dužan provesti i kontrolu lokacije na licu mjesta prije davanja ponude. Jedinične cijene za pojedine vrste radova sadrže i sve one posredne troškove koji nisu iskazani u troškovniku, ali su neminovni za izvršenje radova predviđenih projektom.

7.) Organizacija gradilišta uračunata je u cijenu, ukoliko nije ponuđena kao zasebna stavka.

8.) Dizalice za podizanje, skele, strojevi, alati, pomoćna sredstva i konstrukcije uzeti su u obzir te su uračunati u jediničnu cijenu.

9.) Skele za radove na fasadi i radove na krovu predmet su ovog natječaja. Ponuditelj smije koristiti postojeće skele uz poštivanje sigurnosnih uvjeta i na vlastitu odgovornost. Preinake na skelama nisu dozvoljene te se one moraju predati u ispravnom stanju u kojem su i preuzete.

10.) Kompletnu režiju gradilišta usigurava i rješava ponuditelj/izvođač i i uključena je u jediničnu cijenu.

11.) Ponuditelj je obvezan redovno prikupljati i ,pravilno skladištiti i odvoziti na ovlašteni deponij sve otpadne materijale, ostatke, krhotine, građevinski otpad, ambalaže, obični otpad i slično o vlastitom trošku. Kod odlaganja otpada potrebno je pridržavati se svih javnopravnih uputa i propisa.

12.) Onečišćenja koja uslijed radova nastaju na susjednim terenima, zgradama, putovima, cestama, trgovima i slično, izvođač radova treba svakodnevno čistiti.

13.) Izvođač preuzima odgovornost za osiguravanje, skladištenje i spremanje vlastite građevinske opreme, strojeva, uređaja, alata i slično. Jednako vrijedi i za građevinske materijale, elemente i za ugradnju određenih uređaja i objekata sve do primopredaje obavljenih građevinskih radova.

14.) Prilikom izvođenja radova, izvoditelj treba zaštititi sve susjedne plohe, dijelove konstrukcije i prethodno izvedene radove na prikladan način a u skladu sa pravilima zaštite na radu, tako da ne dođe do oštećenja istih. Troškove zaštite treba izvoditelj ukalkulirati u ponudbenu cijenu izvođenja radova. Ukoliko ipak dođe do oštećenja prethodno izvedenih radova za koje je odgovoran izvoditelj ili njegov kooperant, dužan je iste o svom trošku dovesti u stanje prije oštećenja ili naručiti iste radove kod drugog izvoditelja na svoj teret.

15.) Sve potrebne mjere prema javnopravnim uputama i propisima za sigurnost i zaštitu zdravlja trebaju se uzeti u obzir te ih se treba pridržavati prilikom izvođenja radova.

16.) Prilikom davanja ponude i izvođenja radova treba se uzeti u obzir, uračunati i pridržavati se
- svih državnih i javnopravnih zakona, smjernica i propisa
- svih odgovarajućih tehničkih standarda, pravila i smjernica
- općeprihvaćenih pravila tehnike
- uputa, propisa i napomena proizvođača za ugradnju i obradu
- Kauflandovih građevinskih opisa, ugovorenih uvjeta i ostalih Kauflandovih dokumenata i planova.

17.) Stavke troškovnika obuhvačaju konačno dovršenje radova definiranih po količini i kvaliteti, onosno podrazumijevaju se kao gotove, potpune i funkcionirajuće, uklj. sve potrebne male dijelove i sredstva za pričvršćivanje, pomoćne materijale i sredstva, podkonstrukcije itd., kao i sve dodatne i posebne usluge - čak i kada one nisu detaljno opisane.

18.) Ako su treće stranke uključene u izvođenje predradnji, izvođač radova ih treba provjeravati. U slučaju nepravilnosti ili prigovora pravovremeno treba informirati naručitelja, tako da može tehnički i organizacijski dovršiti poslove.

19.) Obavezno se treba pridržavati svih Kauflandovih proizvodnih uputa, osim ako postoje opravdani razlozi za odstupanje (npr. dostupnost). U tom slučaju izvođač treba ponuditi istovjetni proizvod ili sustav te potvrditi istovjetnost. O njoj odlučuje naručitelj.

20.) Sustavi se izvode isključivo pomoću komponenata koje su predviđene od strane proizvođača sustava.

21.) Svi materijali, građevinski elementi i uređaji koji neposredno utječu na izgled i funkcionalnost prije ugradnje se trebaju provjeriti. Ugrađuju se tek nakon što naručitelj ili ovlaštena osoba odobri ugradnju na gradilištu. O vrsti i obliku uzorka odlučuje naručitelj.

22.) Ako nije drukčije propisano, izmjene postojećih projektnih rješenja od strane ponuditelja/izvođača a koje utječu na mehaničku stabilnost, ponuditelj/izvođač je dužan u svom trošku ishoditi sve suglasnosti, dozvole i sl.
Projekt izvedenog stanja ukalkulirati u jedničnu cijenu te dostaviti Kauflandu u pisanom i digitalnom obliku.

23.) Svi radovi na objektu te primjenjeni sistemi gradnje moraju biti izvedeni prema pravilu struke, odnosnu u granicama dopuštenih tolerancija.

24.) Ukoliko je ugovoreni termin izvršenja objekta uključen i zimski odnosno ljetni period, to se neće posebno izvođaču priznavati na ime naknade za rad pri niskoj temperaturi, zaštita konstrukcija od hladnoće i vrućine, te atmosferskih nepogoda, sve mora biti uključeno u jediničnu cijenu. Za vrijeme zime objekat se mora zaštititi. Svi eventualni smrznuti dijelovi moraju se ukloniti i izvesti ponovo bez bilo kakve naplate. Ukoliko je temperatura niža od temperature pri kojoj je dozvoljen dotični rad, a Investitor ipak traži da se radi, Izvođač si ima pravo zaračunati naknadu po normi 6,006 ali u tom slučaju Izvođač snosi punu odgovornost za ispravnost i kvalitetu rada. To isto vrijedi i za zaštitu radova tokom ljeta od prebrzog sušenja uslijed visoke temperature.

25.) U jediničnu cijenu rada izvođač treba obuhvatiti i slijedeće radove, koji se neće zasebno platiti kao naknadni rad, čak i ako nisu izričito navedenei u troškovniku:
- sve vrste transporta građevinskih materijala, elemenata, uređaja, objekata itd. do mjesta ugradnje
- potrebne i uobičajene pripreme i predobrade tla
- sve vrste bušenja, zavarivanja, lijepljenja, malih dijelova, sredstava za pričvršćivanje, međupoložaja, izolacije, brtvljenja, folija, spojeva itd. koje su potrebne za priključak, montažu i pričvršćivanje građevinskih dijelova i elemenata
- stručna priprema i priključak na sve okolne dijelove, ugradbene i nadgradne elemente i propuste
- sve izrade kutova, spojnih površina i elemenata, završnih elemenata, slobodnih krajeva itd.
- sve podloge za montažu, priključak i pričvršćivanje kao što su beton, zidani elementi, čelik, aluminij, limovi, gips karton, itd.
- potrebne spojne, kose i okrugle rezove te ostatke rezanja
- Izrada otvora i proreza za instalacije i ugradbene elemente drugih izvođača
- interno povezivanje kablovima i priključak objekata, dovod prema električnim trošilima na gradilištu od strane elektro izvođača",,,,,,
,,Opseg usluga metalne konstrukcije,"U sljedećim pozicijama potrebno je uzeti u obzir i uračunati sljedeće usluge, čak i ako nisu izričito navedene:
- obojane limove i pravokutne dijelove za priključke, krajeve i prijelaze
- eventualna oštećenja na površini i / ili slojevima pravilno ukloniti
- potrebne podkonstrukcije i pojačanja
- Prihvate za fuge na građevinama i promjene dužina uslijed temperaturnih varijacija
- kontrolirano odvođenje kišnice i kišnice nošene vjetrom
- Zaštitu građevinskih priključaka protiv kišnice s vanjske strane, odnosno pare s unutarnje strane
- interno povezivanje kablovima na prozorima, koristiti profile za prekrivanje kabela
- alternativno za garniture / aluminijske elemente, eloksirani: Nehrđajući čelik, mat
- izvedbu slijepih podnih profila (u razini slojeva poda)
- konzekventnu izvedbu hidroizolacije u podnožju pojedinih stavki
- konzekventnu izvedbu parne brane na svim rubovima pojedinih stavki
- padajuće brtve za vanjska i protupožarne stavke uključena u cijenu",,,,,,
309.010,,PVC staklene stijene,,,,,3750,,
309.010.00100,,x..AF10..x - staklena stijena između boravka i vanjske terase,"POZ P09
Dobava i postava staklene stijene između boravka i vanjske terase prema trenutno važećim smjernicama KaBa. Stijena se sastoji od fiksnih dijelova rastera 1,25m i jednokrilnih zaokretnih vrata svijetle širine 1,12m.
Građ.dimenzija stijene: [ 2,45/2,70 ] m
Konstrukcija stijene: PVC profil ojačan sa čeličnom jezgrom sa višekomornim sustavom i dvije EPDM brtve. Boja RAL 7016 otporna na ultraljubičasto zračenje. U zoni postave zaštite od sunca izvesti prošireni nadvojni profil visine 200mm.
Dizajn profila: ravno položena krila
Ostakljenje: višeslojnog sigurnosnog 2 izolacijskog stakla koeficijent prolaza topline Uw najmanje 1,3 W/m²K, Ug min 1,3 W/m²K . Zahtijevani koeficijent prolaza topline Uw odnosi se na cijeli prozor i uzima u obzir koeficijent prolaza topline okvira (Uf), ostakljenja (ug) i profila za održavanje razmaka izolacijskog ostakljenja (y-vrijednost).
Zaokretna vrata:
• Antipanik brava na vratima, pripremljena za prolazni profilni cilindar
• Okovi: Eloksirani aluminij ili nehrđajući čelik mat brušen, iznutra kvaka, izvana fiksna ručka, npr. HEWI Serie 11, s dugačkim štitom
• Kontrola: Magnetni kontakt i kontakt na zasunu za kontrolu otvaranja i zatvaranja, VdS razred C, prekriveni
• Ostalo: električni otvarač vrata, otključavanje brave s kliznim vođenjem, 12V DC, radna struja
• Otvarač vrata s mehaničkim otključavanjem zasuna otvarača vrata, s opružnim jezičkom
• Gornji zatvarač vrata
Izvedba prema detaljima proizvođača uključivo sav rad i materijal kako bi se stavka izvela do gotove funkcionalnosti

Spojne reške: PUR-pjena;
Fabrikat: SALAMANDER, GEALAN ili drugi istovrijedni pvc profili
Zidni zaustavljač vrata od mekane plastike, okrugli, promjera ca. 40 mm, s držačem od nehrđajućeg čelika, uklj. sredstva za pričvršćivanje, isporučiti i montirati",1,kom,3750,3750,,0
309.020,,Aluminijska staklena vrata,,,,,9400,,
309.020.00100,,"x..AT3..x - aluminijska evakuacijska dvokrilna vrata s nadsvjetlom  dimenzije 2,26 / 4,15 m","POZ A05
Izrada, dobava i postava dvokrilnih staklenih vrata s nadsvjetlom od aluminijskih profila dubine do cca.75mm s prekinutim termičkim mostom s EPDM brtvenim profilima. Ostakljenje od višeslojnog sigurnosnog 2 izolacijskog stakla 2x6mm. Izvedba do gotove funkcionalnosti i prema važećim smjernicama KaBa HR.

Širina vrata: ca. 2,26 m
Visina vrata: ca. 4,15 m (vrata ca. 2,25 m, nadsvjetlo ca 1,9 m)
Izvedba: Zaokretna vrata, 2-krilna, sa smjerom otvaranja ulijevo ili udesno
Okvir: Aluminijski okvir, s premazom u prahu otpornim na ultraljubičasto zračenje, boja RAL 7047
Krilo vrata: okvir od aluminija ravan izvana, s premazom u prahu i staklenom ispunom, s donjim zatvaračem (falc) ca. 15 mm
Koeficijent toplinske provodljivosti: min. 1,3 W/m2K, a stakla min 1,1 W/m2K
Panti: od nehrđajućeg čelika, skriveni
Okov: ručka s vanjske strane, s unutarnje strane potisna poluga na pomičnoj i nepomičnoj strani, od aluminija, s eloksiranom površinom
Brava na pomičnoj strani vrata: Ugradbena brava sa zasunom, objektne kvalitete, pripremljena za profilni cilindar, s panik funkcijom prema EN 1125, sa samostalnim zaključavanjem.
Gornji zatvarač vrata, na obja krila, s usklađenim mehanizmom zatvarnaja.
Neaktivna brava krila: skrivena bravica u obliku kvake u kvaliteti svojstva, s funkcijom panike prema EN 1125
Kontrola: Magnetni kontakti za kontrolu otvorenosti (2 na pomičnoj strani, 1 na nepomičnoj strani), kontrola zatvorenosti integrirana u bravu, kontakt za zatvoreno stanje na pogonskom zasunu, VdS razred C, prekrivena ugradnja
Boje: sukladno Kauflandovoj paleti boja",1,kom,4100,4100,,0
309.020.00105,,"x..AT3..x - aluminijska evakuacijska dvokrilna vrata dimenzije 2,26 / 2,25 m","POZ A06
Izrada, dobava i postava dvokrilnih staklenih vrata s nadsvjetlom od aluminijskih profila dubine do cca.75mm s prekinutim termičkim mostom s EPDM brtvenim profilima. Ostakljenje od višeslojnog sigurnosnog 2 izolacijskog stakla 2x6mm. Izvedba do gotove funkcionalnosti i prema važećim smjernicama KaBa HR.

Širina vrata: ca. 2,26 m
Visina vrata: ca. 4,15 m (vrata ca. 2,25 m)
Izvedba: Zaokretna vrata, 2-krilna, sa smjerom otvaranja ulijevo ili udesno
Okvir: Aluminijski okvir, s premazom u prahu otpornim na ultraljubičasto zračenje, boja RAL 7047
Krilo vrata: okvir od aluminija ravan izvana, s premazom u prahu i staklenom ispunom, s donjim zatvaračem (falc) ca. 15 mm
Koeficijent toplinske provodljivosti: min. 1,3 W/m2K, a stakla min 1,1 W/m2K
Panti: od nehrđajućeg čelika, skriveni
Okov: s vanjske strane glatko, bez rozeta, s unutarnje strane potisna poluga na pomičnoj i nepomičnoj strani, od aluminija, s eloksiranom površinom
Brava na pomičnoj strani vrata: Ugradbena brava sa zasunom, objektne kvalitete, pripremljena za profilni cilindar, s panik funkcijom prema EN 1125, sa samostalnim zaključavanjem.
Gornji zatvarač vrata, na obja krila, s usklađenim mehanizmom zatvarnaja.
Neaktivna brava krila: skrivena bravica u obliku kvake u kvaliteti svojstva, s funkcijom panike prema EN 1125
Kontrola: Magnetni kontakti za kontrolu otvorenosti (2 na pomičnoj strani, 1 na nepomičnoj strani), kontrola zatvorenosti integrirana u bravu, kontakt za zatvoreno stanje na pogonskom zasunu, VdS razred C, prekrivena ugradnja
Boje: sukladno Kauflandovoj paleti boja",1,kom,3600,3600,,0
309.020.00110,,"x..AT13..x - aluminijska 1-krilna staklena vrata dimenzije 1,16 / 2,16 m, izlaz u slučaju nužde EN 179","POZ F01
Vrata od aluminija i stakla s gornjim prozorom, vanjska vrata kao sustav s cijevnim okvirom i staklenom ispunom, s termički odvojenim šupljim profilima, s dubinom okvira od ca. 75 mm, s ostakljenjem od višeslojne izolacijske površine od laminiranog stakla i EPDM brtvenim profilima, izraditi, isporučiti i montirati.

Širina vrata: ca. 1,16 m
Visina vrata: ca. 2,16 m
Izvedba: Zaokretna vrata, 1-krilna, sa smjerom otvaranja ulijevo ili udesno
Okvir: Aluminijski okvir, s praškastim premazom otpornim na ultraljubičasto zračenje
Krilo vrata: Cijevni okvir od aluminija, s praškastim premazom otpornim na ultraljubičasto zračenje i staklenom ispunom cijelom visinom vrata, s donjim zatvaračem (falc) ca. 15 mm
Koeficijent toplinske provodljivosti: min. 1,3 W/m2K, a stakla min 1,1 W/m2K
Panti: od nehrđajućeg čelika, skriveni
Okov: okov za vrata od plemenitog čelika, unutra kvaka, izvana kugla, izvana dodatno ručka od plemenitog čelika.
Brava: Ugradbena brava sa zasunom, objektne kvalitete, pripremljena za profilni cilindar, s panik funkcijom prema EN 179
Gornji zatvarač: s kliznom šinom s odbojnikom u klizaču, na strani na kojoj se ne nalaze šarke, zatvarač s mogućnosću fiksiranja vrata u otvorenom položaju
Kontrola: Magnetni kontakti za kontrolu otvorenosti (2 na pomičnoj strani), kontakt na zasunu za kontrolu zatvorenosti, VdS razred C, prekrivena ugradnja
Ostalo: blok brava i kodirana brava, električni otvarač vrata, otključavanje brave s kliznim vođenjem, 12V DC, radna struja
Boje: sukladno Kauflandovoj paleti boja",1,kom,1700,1700,,0
,,,,,,,,,
309.030,,Staklena fasada,,,,,20800,,
309.030.00100,,x..PRF2..x - staklena fasada sa zaštitom od sunca,"POZ A07
Izrada, dobava i ugradnja ostakljene aluminijske fasadne konstrukcije. Fasadu izraditi od sistema samonosivih plastificiranih aluminijskih horizontalnih i vertikalnih pravokutnih šupljih profila s prekidom toplinskog mosta širine cca.60mm i dubine prema statičkom proračunu. Sve brtve na fasadi od EPDM-a prema DIN 7863. U cijeni stavke uključiti komplet sav potreban rad i materijal prema opisu u troškovniku, kao i sve dodatne radove i materijale potrebne da se izradi kompletna fasada kao oblikovna i funkcionalna cjelina. Svi spojni limovi, opšavi, tolinske izolacije, hidroizolacije i parne brane koje se prema pravilima struke ugrađuju, sastavni su dio ove stavke.
Konstrukcija:
- razmak osi stupova: prema planu fasade
- razmak osi horizontala: prema planu fasade
- osiguranje stakla protiv odvrtanja: npr. kombinacija Secu-Fast vijaka s vijcima s unutarnjim mnogokutom
- pokrovni profili s nevidljivim pričvršćivanjem (stegnuti)
- tip profila: kao Schuco FW 50+ ili jednakovrijedno
- premaz: praškastim premaz otporan na ultraljubičasto zračenje boja RAL7016 ili sukladno Kauflandovoj boji paleta
Ostakljenje:
- Proračun debljine, izradu, obradu i ugradnju stakla izvršiti u skladu s Tehničkim propisom za staklene konstrukcije (NN 153/13, 53/17). Debljine stakla prema potrebi provjeriti od strane ovlaštenog statičara. Kao osiguranje od pucanja kod laminiranog stakla obavezno pobrusiti rubove
- visina ostakljenja: prema planu fasade
- dvoslojno VSG izolacijsko staklo s Low E premaz + ispuna toplinski inertnim plinom argonom (6+16+6) s EPDM brtvenim profilima, odnosno prema statičkom proračunu
- gornji dio stavke (iznad kote spuštenog stropa +3,80m) izvesti u punoj ispuni (sendvič panel)
Koeficijent toplinske provodljivosti (Uw): min. 1,3 W/m2K i odnosi se na cijeli fasadni sustav, dok za ostekljenje vrijedi 1,1 W/m2K
Zaštita od sunca (prema smjernicama iz opisa gradnje KaBa HR):
Vrsta izvedbe 1 - prozirno staklo sa zaštitom od sunca
Prioritet 1
Staklo sa zaštitom od sunca ima prioritet u odnosu na prozirno staklo s roletama.
Preduvjet: Bez zasljepljivanja radnih mjesta zbog sunčevog zračenja!
Aspekti: Smanjenje investicije, montaže i instalacije. Izbjegavanje troškova za čišćenje, održavanje, popravak roleta. Vidljivost je uvijek dana
Karakteristike stakla i kriteriji za prozirno staklo sa zaštitom od sunca
Početak: prozirno staklo sa zaštitom od sunca
Ukupna propusnost energije (g-vrijednost / SHGC - koeficijent solarnog toplinskog prirasta): otpr. 30 - 20 %
Što je niža vrijednost SHGC, manje topline zračenja (sunca) dolazi izvana prema unutra
Propust svjetlosti (TL): približno 62 - 45 %
što je manja propusnost svjetla (TL), manje svjetla dolazi izvana
Staklo sa zaštitom od sunca s nižom propusnošću svjetlosti (TL: pribl. 50-45 %) prikladnije je za fasade s duljim/intenzivnijim sunčevim zračenjem, npr. orijentacije zapad/sjeverozapad.
Moraju se uzeti u obzir mogući efekti refleksije od susjednih zgrada.
Stakla na vrijeme ispitati.",52,m2,400,20800,,0
309.040,,Vjetrobran,,,,,16700,,
309.040.00100,,x..AT1..x - vanjska automatska klizna vrata dim. [250/230] m,"POZ A01
Dobava i ugradnja vanjskih evakucijskih automatskih kliznih vrata u pripremljeni otvor u vanjskoj fasadnoj staklenoj stijeni. Automatska vrata treba konstruirati tako, da ne može doći do gnječenja i uklještenja. Mjesta na kojima može doći do uklještenja trebaju se osigurati mekanim gumenim brtvenim profilima. Na elemente okvira paralelno s unutarnje i vanjske strane treba postaviti staklo. Razmak između sporednih rubova zatvaranja i bočnih površina mora uvijek biti veći od 200 mm.

Izvedba: evakuacijska klizna vrata s 2 krila
Krila vrata: Okvir od aluminija, s praškastim premazom otpornim na ultraljubičasto zračenje i ostakljenje s dvoslojnim VSG izolacijskim staklom s Low E premaz + ispuna toplinski inertnim plinom argonom (6+16+6) s EPDM brtvenim profilima. Klizna vrata u fino uokvirenoj izvedbi, dubina profila cca. 30 - 40 mm,ovisno o proizvođaču.
Pogon: Pogon kliznih vrata s modularnim sastavom i tihom kliznom šinom, brzina otvaranja i zatvaranja 0,5-0,7 m/s po krilima, 80 % širine otvara se unutar 3 sekunde u slučaju nužde
Upravljanje: Mikroprocesorska upravljačka jedinica, s vremenom otvorenosti od 0 do 180 sekundi i sljedećim radnim programima: Isključeno, Automatski, Otvoreno, Izlaz, podesivo pomoću programske sklopke
Sigurnosna oprema: Sigurnosna oprema odabire se prema državnim propisima i direktivama, ali minimalno je potrebna: Samostalna regulacija i nadzor kretnje krila, okretanje smjera u slučaju nailaženja na prepreku, samostalna provjera sigurnosnih uređaja, sklopka za isključivanje u slučaju nužde.
Aktivacija: obostrani kombinirani detektor s radarskim senzorom (za detekciju pokreta) i infracrveni senzor (za nadzor prisutnosti), sklopka s ključem s unutarnje strane
Zaključavanje: Elektromehaničko standardno zaključavanje s ručnim otključavanjem s unutarnje strane, mehaničko zaključavanje putem brave s kukastim zasunom s unutarnje strane
Kontrola: Stanja vrata putem bespotencijalnog kontakta na protuprovalnoj centrali
Zaštita od sunca (ostakljenje) potrebno izvesti identično kao za stavku u koju se ugrađuje kako bi se postigao uejdnačen izgled i svojstvo fasade.",1,kom,3350,3350,,0
309.040.00105,,"x..AT1..x - unutarnja staklena stijena za ugradnju kliznih vrata dim. [ 6,5 / 3,8 ] m","POZ A02
Izrada, dobava i ugradnja unutarnje staklene stijene sa nadsvjetlom za ugradnju automatskih kliznih vrata. Fasadu izraditi od sistema samonosivih plastificiranih aluminijskih horizontalnih i vertikalnih pravokutnih šupljih profila s prekidom toplinskog mosta širine cca.60mm i dubine prema statičkom proračunu. Sve brtve na fasadi od EPDM-a prema DIN 7863. U cijeni stavke uključiti komplet sav potreban rad i materijal prema opisu u troškovniku, kao i sve dodatne radove i materijale potrebne da se izradi kompletna fasada kao oblikovna i funkcionalna cjelina.
Konstrukcija:
- razmak osi stupova: prema planu fasade
- visina podjele stijene po horizontali: 2300 mm
- osiguranje stakla protiv odvrtanja: npr. kombinacija Secu-Fast vijaka s vijcima s unutarnjim mnogokutom
- pokrovni profili s nevidljivim pričvršćivanjem (stegnuti)
- tip profila: kao Schuco FW 50+ ili jednakovrijedno
- premaz: praškastim premaz otporan na ultraljubičasto zračenje boja RAL7016 ili sukladno Kauflandovoj boji paleta
- proširenje zadnjeg lijevog ili desnog profila za ugradnju pogonske i upravljačke jedinice
Ostakljenje:
- Proračun debljine, izradu, obradu i ugradnju stakla izvršiti u skladu s Tehničkim propisom za staklene konstrukcije (NN 153/13, 53/17). Debljine stakla prema potrebi provjeriti od strane ovlaštenog statičara. Kao osiguranje od pucanja kod laminiranog stakla obavezno pobrusiti rubove
- visina ostakljenja: prema planu fasade
- jednoslojno VSG izolacijsko staklo 8mm s EPDM brtvenim profilima, odnosno prema statičkom proračunu",25,m2,400,10000,,0
309.040.00106,,"x..AT1..x - unutarnja automatska klizna vrata dim. [ 2,5 / 2,3 ] m","POZ A02
Dobava i ugradnja unutarnjih evakucijskih automatskih kliznih vrata u pripremljeni otvor u unutarnjoj staklenoj stijeni. Automatska vrata treba konstruirati tako, da ne može doći do gnječenja i uklještenja. Mjesta na kojima može doći do uklještenja trebaju se osigurati mekanim gumenim brtvenim profilima. Na elemente okvira paralelno s unutarnje i vanjske strane treba postaviti staklo. Razmak između sporednih rubova zatvaranja i bočnih površina mora uvijek biti veći od 200 mm.

Izvedba: evakuacijska klizna vrata s 2 krila
Krila vrata: Okvir od aluminija, s praškastim premazom otpornim na ultraljubičasto zračenje i ostakljenje s jednoslojnim VSG izolacijskim staklom 8mm s EPDM brtvenim profilima. Klizna vrata u fino uokvirenoj izvedbi, dubina profila cca. 30 - 40 mm,ovisno o proizvođaču.
Pogon: Pogon kliznih vrata s modularnim sastavom i tihom kliznom šinom, brzina otvaranja i zatvaranja 0,5-0,7 m/s po krilima, 80 % širine otvara se unutar 3 sekunde u slučaju nužde
Upravljanje: Mikroprocesorska upravljačka jedinica, s vremenom otvorenosti od 0 do 180 sekundi i sljedećim radnim programima: Isključeno, Automatski, Otvoreno, Izlaz, podesivo pomoću programske sklopke
Sigurnosna oprema: Sigurnosna oprema odabire se prema državnim propisima i direktivama, ali minimalno je potrebna: Samostalna regulacija i nadzor kretnje krila, okretanje smjera u slučaju nailaženja na prepreku, samostalna provjera sigurnosnih uređaja, sklopka za isključivanje u slučaju nužde.
Aktivacija: obostrani kombinirani detektor s radarskim senzorom (za detekciju pokreta) i infracrveni senzor (za nadzor prisutnosti), sklopka s ključem s unutarnje strane
Zaključavanje: Elektromehaničko standardno zaključavanje s ručnim otključavanjem",1,kom,3350,3350,,0
309.040.00110,,x..AT1..x - satenske trake na kliznim krilima,"Dobava i postava lijepljenjem na klizna krila automatskih vrata satinirane trake širine 20cm. Postava na visini od 1,5-1,7m mjereno od gotovog poda.

Referentni proizvod: Oracal 8510-90, fino srebro, ili istovjetno",5,m,,,,0
309.040.00115,,x..RS28..x - Zaštita od nehrđajućeg čelika,"Zaštitu rubova, od nehrđajućeg čelika V4A, s brušenom (240 granulacija) i četkanom površinom, debljine materijala od min. 2 mm, u više dijelova s kutovima različitih dimenzija, pojedinačne dužine 2,3 m, za vanjsku zaštitu dviju vertikalnih unutarnjih površina u otvoru za automatska vrata, izraditi, isporučiti, zalijepiti i po potrebi dodatno mehnički pričvrstiti.

Jedinična cijena po automatskim vratima.",2,kom,,,,0
309.040.00120,,x..BS4..x - Podni prag kao razdvojni profil od nehrđajučeg ćelika,"Podni prag kao razdvojni profil, od nehrđajućeg čelika V4A, debljine materijala od minimalno 3 mm, sa širinom prilagođenom stupovima i automatskim vratima, u U obliku, s blago zaobljenim rubovima, u različitim pojedinačnim dužinama, isporučiti, postaviti u jednoj liniji i na ispravnoj visini ispod automatskih vrata i pričvrstiti.",2.5,m,,,,0
309.050,,Sustavi izloga,,,,,0,,
309.060,,Staklene pregrade,,,,,0,,
309.070,,Ostali,,,,,4050,,
309.070.00100,,"x... VD2 - stubište sa staklenom nadstrešnicom, dimenzije cca 1,50 / 1,30 m","POZ 801
Staklenu nadstrešnicu, slobodno viseću, s podkonstrukcijom od nehrđajućeg čelika V4A, s brušenom (granulacija 240) i četkanom površinom, umetkom od sigurnosnog stakla za zaštitu od propadanja, pričvršćenu pomoću letvi za držanje stakla, za nagibe krove od ca. 5 % na vanjsku stranu, sa slobodnim odvodnjavanjem preko ruba krova, izraditi, isporučiti i montirati.

Širina: 1,50m
Dubina: ca. 1,30 m",1,kom,4050,4050,,0
310,,Plastični prozori,,,,,23800.68,,
310.000,,Prethodne napomene,,,,,0,,
,,ZTV - Dodatni tehnički uvjeti ugovora,"1.) Dodatni ugovoreni tehnički uvjeti dio su troškovnika te u slučaju ugovaranja postaju dio ugovora. Izvođač radova se dakle obavezuje na sve radove i primjene koje proizlaze iz ovih uvjeta te su one uračunate u cijenu, ukoliko nisu zasebno ponuđene.

2.) Cijene stavki se prikazuju kao neto iznos u državnoj valuti. Važeći zakonski propisani porez na dodanu vrijednost obračunava se zasebno.

3.) U slučaju proturječnosti dodatnih ugovorenih tehničkih uvjeta vrijede prvenstveno podaci iz troškovnika. U slučaju proturječnosti između troškovnika i tehničke dokumentacije koja se predaje prilikom natječaja, vrijedi tehnička dokumentacija.

4.) Prije početka davanja ponude, ponuditelj je dužan pažljivo pročitati kompletan tekst općih uvjeta uz troškovnik, općih i posebnih uvjeta uz svaku grupu radova, tekst samog troškovnika i ostale dijelove tehničke dokumentacije. Ako opis bilo koje stavke u troškovniku dovodi do sumnje o načinu izvedbe ili upotrebu gradiva zahtijevane kvalitete, treba prije predaje ponude zatražiti pojašnjenje od ovlaštene osobe Investitora. Naknadno pozivanje na manjkavost ili nepoznavanje projektno-tehničke dokumentacije ili opisa u troškovniku neće se uzeti u obzir, niti smatrati razlogom za produženje roka izvedbe, a niti će se priznati bilo kakva razlika u cijeni s tog naslova.

5.) Tehnička dokumentacija koja se predaje prilikom natječaja informativnog je karaktera, a ponuđač je dužan u svom trošku izvršiti kontrolu projektno tehničke dokumentacije u smislu točnosti, tehničke ispravnosti, izvedivosti i međusobne usklađenosti. Sve eventualne primjedbe ponuditelj/izvoditelj dužan je pravovremeno uz ponudu, a u svakom slučaju prije izvedbe u pisanom obliku dostaviti Nadzoru i Naručitelju

6.) Ponuditelj je dužan provesti i kontrolu lokacije na licu mjesta prije davanja ponude. Jedinične cijene za pojedine vrste radova sadrže i sve one posredne troškove koji nisu iskazani u troškovniku, ali su neminovni za izvršenje radova predviđenih projektom.

7.) Organizacija gradilišta uračunata je u cijenu, ukoliko nije ponuđena kao zasebna stavka.

8.) Dizalice za podizanje, skele, strojevi, alati, pomoćna sredstva i konstrukcije uzeti su u obzir te su uračunati u jediničnu cijenu.

9.) Skele za radove na fasadi i radove na krovu predmet su ovog natječaja. Ponuditelj smije koristiti postojeće skele uz poštivanje sigurnosnih uvjeta i na vlastitu odgovornost. Preinake na skelama nisu dozvoljene te se one moraju predati u ispravnom stanju u kojem su i preuzete.

10.) Kompletnu režiju gradilišta usigurava i rješava ponuditelj/izvođač i i uključena je u jediničnu cijenu.

11.) Ponuditelj je obvezan redovno prikupljati i ,pravilno skladištiti i odvoziti na ovlašteni deponij sve otpadne materijale, ostatke, krhotine, građevinski otpad, ambalaže, obični otpad i slično o vlastitom trošku. Kod odlaganja otpada potrebno je pridržavati se svih javnopravnih uputa i propisa.

12.) Onečišćenja koja uslijed radova nastaju na susjednim terenima, zgradama, putovima, cestama, trgovima i slično, izvođač radova treba svakodnevno čistiti.

13.) Izvođač preuzima odgovornost za osiguravanje, skladištenje i spremanje vlastite građevinske opreme, strojeva, uređaja, alata i slično. Jednako vrijedi i za građevinske materijale, elemente i za ugradnju određenih uređaja i objekata sve do primopredaje obavljenih građevinskih radova.

14.) Prilikom izvođenja radova, izvoditelj treba zaštititi sve susjedne plohe, dijelove konstrukcije i prethodno izvedene radove na prikladan način a u skladu sa pravilima zaštite na radu, tako da ne dođe do oštećenja istih. Troškove zaštite treba izvoditelj ukalkulirati u ponudbenu cijenu izvođenja radova. Ukoliko ipak dođe do oštećenja prethodno izvedenih radova za koje je odgovoran izvoditelj ili njegov kooperant, dužan je iste o svom trošku dovesti u stanje prije oštećenja ili naručiti iste radove kod drugog izvoditelja na svoj teret.

15.) Sve potrebne mjere prema javnopravnim uputama i propisima za sigurnost i zaštitu zdravlja trebaju se uzeti u obzir te ih se treba pridržavati prilikom izvođenja radova.

16.) Prilikom davanja ponude i izvođenja radova treba se uzeti u obzir, uračunati i pridržavati se
- svih državnih i javnopravnih zakona, smjernica i propisa
- svih odgovarajućih tehničkih standarda, pravila i smjernica
- općeprihvaćenih pravila tehnike
- uputa, propisa i napomena proizvođača za ugradnju i obradu
- Kauflandovih građevinskih opisa, ugovorenih uvjeta i ostalih Kauflandovih dokumenata i planova.

17.) Stavke troškovnika obuhvačaju konačno dovršenje radova definiranih po količini i kvaliteti, onosno podrazumijevaju se kao gotove, potpune i funkcionirajuće, uklj. sve potrebne male dijelove i sredstva za pričvršćivanje, pomoćne materijale i sredstva, podkonstrukcije itd., kao i sve dodatne i posebne usluge - čak i kada one nisu detaljno opisane.

18.) Ako su treće stranke uključene u izvođenje predradnji, izvođač radova ih treba provjeravati. U slučaju nepravilnosti ili prigovora pravovremeno treba informirati naručitelja, tako da može tehnički i organizacijski dovršiti poslove.

19.) Obavezno se treba pridržavati svih Kauflandovih proizvodnih uputa, osim ako postoje opravdani razlozi za odstupanje (npr. dostupnost). U tom slučaju izvođač treba ponuditi istovjetni proizvod ili sustav te potvrditi istovjetnost. O njoj odlučuje naručitelj.

20.) Sustavi se izvode isključivo pomoću komponenata koje su predviđene od strane proizvođača sustava.

21.) Svi materijali, građevinski elementi i uređaji koji neposredno utječu na izgled i funkcionalnost prije ugradnje se trebaju provjeriti. Ugrađuju se tek nakon što naručitelj ili ovlaštena osoba odobri ugradnju na gradilištu. O vrsti i obliku uzorka odlučuje naručitelj.

22.) Ako nije drukčije propisano, izmjene postojećih projektnih rješenja od strane ponuditelja/izvođača a koje utječu na mehaničku stabilnost, ponuditelj/izvođač je dužan u svom trošku ishoditi sve suglasnosti, dozvole i sl.
Projekt izvedenog stanja ukalkulirati u jedničnu cijenu te dostaviti Kauflandu u pisanom i digitalnom obliku.

23.) Svi radovi na objektu te primjenjeni sistemi gradnje moraju biti izvedeni prema pravilu struke, odnosnu u granicama dopuštenih tolerancija.

24.) Ukoliko je ugovoreni termin izvršenja objekta uključen i zimski odnosno ljetni period, to se neće posebno izvođaču priznavati na ime naknade za rad pri niskoj temperaturi, zaštita konstrukcija od hladnoće i vrućine, te atmosferskih nepogoda, sve mora biti uključeno u jediničnu cijenu. Za vrijeme zime objekat se mora zaštititi. Svi eventualni smrznuti dijelovi moraju se ukloniti i izvesti ponovo bez bilo kakve naplate. Ukoliko je temperatura niža od temperature pri kojoj je dozvoljen dotični rad, a Investitor ipak traži da se radi, Izvođač si ima pravo zaračunati naknadu po normi 6,006 ali u tom slučaju Izvođač snosi punu odgovornost za ispravnost i kvalitetu rada. To isto vrijedi i za zaštitu radova tokom ljeta od prebrzog sušenja uslijed visoke temperature.

25.) U jediničnu cijenu rada izvođač treba obuhvatiti i slijedeće radove, koji se neće zasebno platiti kao naknadni rad, čak i ako nisu izričito navedenei u troškovniku:
- sve vrste transporta građevinskih materijala, elemenata, uređaja, objekata itd. do mjesta ugradnje
- potrebne i uobičajene pripreme i predobrade tla
- sve vrste bušenja, zavarivanja, lijepljenja, malih dijelova, sredstava za pričvršćivanje, međupoložaja, izolacije, brtvljenja, folija, spojeva itd. koje su potrebne za priključak, montažu i pričvršćivanje građevinskih dijelova i elemenata
- stručna priprema i priključak na sve okolne dijelove, ugradbene i nadgradne elemente i propuste
- sve izrade kutova, spojnih površina i elemenata, završnih elemenata, slobodnih krajeva itd.
- sve podloge za montažu, priključak i pričvršćivanje kao što su beton, zidani elementi, čelik, aluminij, limovi, gips karton, itd.
- potrebne spojne, kose i okrugle rezove te ostatke rezanja
- Izrada otvora i proreza za instalacije i ugradbene elemente drugih izvođača
- interno povezivanje kablovima i priključak objekata, dovod prema električnim trošilima na gradilištu od strane elektro izvođača",,,,,,
,,Ostale usluge plastičnih prozora,"U sljedećim pozicijama potrebno je uzeti u obzir i uračunati sljedeće usluge, čak i ako nisu izričito navedene:
- obojane limove i pravokutne dijelove za priključke, krajeve i prijelaze
- eventualna oštećenja na površini i / ili slojevima pravilno ukloniti
- potrebne podkonstrukcije i pojačanja
- Prihvate za fuge na građevinama i promjene dužina uslijed temperaturnih varijacija
- kontrolirano odvođenje kišnice i kišnice nošene vjetrom
- Zaštitu građevinskih priključaka protiv kišnice s vanjske strane, odnosno pare s unutarnje strane
- interno povezivanje kablovima na prozorima, koristiti profile za prekrivanje kabela
- Pričvršćivanje klupice za prozor s odgovarajućim kutovima, sa zaštitnom folijom za zvučnu izolaciju, brtvom od elastomernog profila te bočnom i donjom trajno elastičnom brtvom na bazi thiokola",,,,,,
310.010,,PVC prozori,,,,,23800.68,,
310.010.00100,,"x..AF1..x - PVC otklopni prozor dim [1,26 / 1,4] m","POZ P05
Dobava, izvedba i ugradnja vanjskog otklopnog PVC prozora s višekomornim profilnim sustavom i dvije brtve dubine od cca.70mm. Prošireni nadvojni profil, visina 200 mm (nije iskazan u dimenziji stavke, ali je uključen u cijenu). Okvir pripravljen za spajanje s prozorskom klupicom. Dvoslojno izolacijsko float staklo. U cijeni stavke uključiti komplet sav potreban rad i materijal prema opisu u troškovniku, kao i sve dodatne radove i materijale potrebne da se izradi kompletni prozor kao oblikovna i funkcionalna cjelina.

Izvedba: prozor s otklopnim krilom
Širina prozora: 1,26 m
Visina prozora: 1,4 m
Koeficijent toplinske provodljivosti: min. 1,3 W/m2K. Zahtijevani koeficijent prolaza topline Uw odnosi se na cijeli prozor i uzima u obzir koeficijent prolaza topline okvira (Uf), ostakljenja (Ug min. 1,1 W/m2K) i profila za održavanje razmaka izolacijskog ostakljenja (y-vrijednost).)
Kontrola: Kontakt na zasunu za kombiniranu kontrolu otvaranja i zatvaranja, VdS razred C, skrivena ugradnja
Okovi: Ručka prozora, od aluminija, s eloksiranom površinom. Panti skriveni.
Vanjska klupica za prozor: od ekstrudiranog aluminijskog profila, debljina 2 mm, boja RAL7047 - anthrazitgrau, praškasti premaz. 50 mm izbočena iz fasade, bočno izvučena za spoj sa zidom, sidrenje s podesivim kutnikom za učvršćivanje uglavljenim odozdo, antivibracijska traka.
Boje: sukladno Kauflandovoj paleti boja",1,kom,790,790,,0
310.010.00105,,"x..AF1..x - PVC zaokterno otklopni prozor dim [1,26 / 1,7] m","POZ P10
Dobava, izvedba i ugradnja vanjskog zaokretno-otklopnog PVC prozora s višekomornim profilnim sustavom i dvije brtve dubine od cca.70mm. Prošireni nadvojni profil, visina 200 mm (nije iskazan u dimenziji stavke, ali je uključen u cijenu). Okvir pripravljen za spajanje s prozorskom klupicom. Dvoslojno izolacijsko float staklo. U cijeni stavke uključiti komplet sav potreban rad i materijal prema opisu u troškovniku, kao i sve dodatne radove i materijale potrebne da se izradi kompletni prozor kao oblikovna i funkcionalna cjelina.

Izvedba: prozor s zaokretno-otklopnim krilom
Širina prozora: 1,26 m
Visina prozora: 1,7 m
Koeficijent toplinske provodljivosti: min. 1,3 W/m2K. Zahtijevani koeficijent prolaza topline Uw odnosi se na cijeli prozor i uzima u obzir koeficijent prolaza topline okvira (Uf), ostakljenja (Ug min. 1,1 W/m2K) i profila za održavanje razmaka izolacijskog ostakljenja (y-vrijednost).)
Kontrola: Kontakt na zasunu za kombiniranu kontrolu otvaranja i zatvaranja, VdS razred C, skrivena ugradnja
Okovi: Ručka prozora, od aluminija, s eloksiranom površinom. Panti skriveni.
Vanjska klupica za prozor: od ekstrudiranog aluminijskog profila, debljina 2 mm, boja RAL 7016 - anthrazitgrau, praškasti premaz. 50 mm izbočena iz fasade, bočno izvučena za spoj sa zidom, sidrenje s podesivim kutnikom za učvršćivanje uglavljenim odozdo, antivibracijska traka.
Boje: sukladno Kauflandovoj paleti boja",1,kom,805,805,,0
310.010.00110,,"x..AF1..x - PVC dvodijelni zaokretno otklopni prozor visine 1,7 m","POZ P07
Dobava, izvedba i ugradnja vanjskog dvodijelnog zaokretno-otklopnog PVC prozora s višekomornim profilnim sustavom i dvije brtve dubine od cca.70mm. Prošireni nadvojni profil, visina 200 mm (nije iskazan u dimenziji stavke, ali je uključen u cijenu). Okvir pripravljen za spajanje s prozorskom klupicom. Dvoslojno izolacijsko float staklo. U cijeni stavke uključiti komplet sav potreban rad i materijal prema opisu u troškovniku, kao i sve dodatne radove i materijale potrebne da se izradi kompletni prozor kao oblikovna i funkcionalna cjelina.

Izvedba: dvodijelni prozor sa fiksnim ostakljenjem i prozorom sa zaokretnim/otklopnim krilima rastera 1,26 m, uklj. spojne i panel površine
Visina prozora: 1,7 m
Koeficijent toplinske provodljivosti: min. 1,3 W/m2K. Zahtijevani koeficijent prolaza topline Uw odnosi se na cijeli prozor i uzima u obzir koeficijent prolaza topline okvira (Uf), ostakljenja (Ug min. 1,1 W/m2K) i profila za održavanje razmaka izolacijskog ostakljenja (y-vrijednost).)
Kontrola: Kontakt na zasunu za kombiniranu kontrolu otvaranja i zatvaranja, VdS razred C, skrivena ugradnja
Okovi: Ručka prozora, od aluminija, s eloksiranom površinom. Panti skriveni.
Vanjska klupica za prozor: od ekstrudiranog aluminijskog profila, debljina 2 mm, boja RAL 7016 - anthrazitgrau, praškasti premaz. 50 mm izbočena iz fasade, bočno izvučena za spoj sa zidom, sidrenje s podesivim kutnikom za učvršćivanje uglavljenim odozdo, antivibracijska traka.
Boje: sukladno Kauflandovoj paleti boja",2.51,m,606,1521.06,,0
310.010.00115,,"x..AF1..x - PVC dvodijelni zaokretno otklopni prozor visine 1,7 m","POZ P15
Dobava, izvedba i ugradnja vanjskog dvodijelnog zaokretno-otklopnog PVC prozora s višekomornim profilnim sustavom i dvije brtve dubine od cca.70mm. Prošireni nadvojni profil, visina 200 mm (nije iskazan u dimenziji stavke, ali je uključen u cijenu). Okvir pripravljen za spajanje s prozorskom klupicom. Dvoslojno izolacijsko float staklo. U cijeni stavke uključiti komplet sav potreban rad i materijal prema opisu u troškovniku, kao i sve dodatne radove i materijale potrebne da se izradi kompletni prozor kao oblikovna i funkcionalna cjelina.

Izvedba: dvodijelni prozor sa fiksnim ostakljenjem i prozorom sa zaokretnim/otklopnim krilima rastera 1,26 m, uklj. spojne i panel površine
Visina prozora: 1,7 m
Koeficijent toplinske provodljivosti: min. 1,3 W/m2K. Zahtijevani koeficijent prolaza topline Uw odnosi se na cijeli prozor i uzima u obzir koeficijent prolaza topline okvira (Uf), ostakljenja (Ug min. 1,1 W/m2K) i profila za održavanje razmaka izolacijskog ostakljenja (y-vrijednost).)
Kontrola: Kontakt na zasunu za kombiniranu kontrolu otvaranja i zatvaranja, VdS razred C, skrivena ugradnja
Okovi: Ručka prozora, od aluminija, s eloksiranom površinom. Panti skriveni.
Vanjska klupica za prozor: od ekstrudiranog aluminijskog profila, debljina 2 mm, boja RAL 7016 - anthrazitgrau, praškasti premaz. 50 mm izbočena iz fasade, bočno izvučena za spoj sa zidom, sidrenje s podesivim kutnikom za učvršćivanje uglavljenim odozdo, antivibracijska traka.
Boje: sukladno Kauflandovoj paleti boja",2.51,m,606,1521.06,,0
310.010.00120,,"x..AF1..x - PVC dvodijelni zaokretno otklopni prozor visine 1,7 m","POZ P16
Dobava, izvedba i ugradnja vanjskog dvodijelnog zaokretno-otklopnog PVC prozora s višekomornim profilnim sustavom i dvije brtve dubine od cca.70mm. Prošireni nadvojni profil, visina 200 mm (nije iskazan u dimenziji stavke, ali je uključen u cijenu). Okvir pripravljen za spajanje s prozorskom klupicom. Dvoslojno izolacijsko float staklo. U cijeni stavke uključiti komplet sav potreban rad i materijal prema opisu u troškovniku, kao i sve dodatne radove i materijale potrebne da se izradi kompletni prozor kao oblikovna i funkcionalna cjelina.

Izvedba: dvodijelni uglovni prozor sa fiksnim ostakljenjem i prozorom sa zaokretnim/otklopnim krilima rastera 1,26 m, uklj. spojne i panel površine
Visina prozora: 1,7 m
Koeficijent toplinske provodljivosti: min. 1,3 W/m2K. Zahtijevani koeficijent prolaza topline Uw odnosi se na cijeli prozor i uzima u obzir koeficijent prolaza topline okvira (Uf), ostakljenja (Ug min. 1,1 W/m2K) i profila za održavanje razmaka izolacijskog ostakljenja (y-vrijednost).)
Kontrola: Kontakt na zasunu za kombiniranu kontrolu otvaranja i zatvaranja, VdS razred C, skrivena ugradnja
Okovi: Ručka prozora, od aluminija, s eloksiranom površinom. Panti skriveni.
Vanjska klupica za prozor: od ekstrudiranog aluminijskog profila, debljina 2 mm, boja RAL 7016 - anthrazitgrau, praškasti premaz. 50 mm izbočena iz fasade, bočno izvučena za spoj sa zidom, sidrenje s podesivim kutnikom za učvršćivanje uglavljenim odozdo, antivibracijska traka.
Boje: sukladno Kauflandovoj paleti boja",2.51,m,609,1528.59,,0
310.010.00125,,"x..AF1..x - PVC  višedijelni zaokretno otklopni prozor visine 1,7 m","POZ P08
Dobava, izvedba i ugradnja vanjskog dvodijelnog ili višedijelnog zaokretno-otklopnog PVC prozora s višekomornim profilnim sustavom i dvije brtve dubine od cca.70mm. Prošireni nadvojni profil, visina 200 mm (nije iskazan u dimenziji stavke, ali je uključen u cijenu). Okvir pripravljen za spajanje s prozorskom klupicom. Dvoslojno izolacijsko float staklo. U cijeni stavke uključiti komplet sav potreban rad i materijal prema opisu u troškovniku, kao i sve dodatne radove i materijale potrebne da se izradi kompletni prozor kao oblikovna i funkcionalna cjelina.

Izvedba: prozorska traka s prozorima sa zaokretnim/otklopnim krilima rastera 1,26 m, uklj. spojne i panel površine
Visina prozora: 1,7 m
Koeficijent toplinske provodljivosti: min. 1,3 W/m2K. Zahtijevani koeficijent prolaza topline Uw odnosi se na cijeli prozor i uzima u obzir koeficijent prolaza topline okvira (Uf), ostakljenja (Ug min. 1,1 W/m2K) i profila za održavanje razmaka izolacijskog ostakljenja (y-vrijednost).)
Kontrola: Kontakt na zasunu za kombiniranu kontrolu otvaranja i zatvaranja, VdS razred C, skrivena ugradnja
Okovi: Ručka prozora, od aluminija, s eloksiranom površinom. Panti skriveni.
Vanjska klupica za prozor: od ekstrudiranog aluminijskog profila, debljina 2 mm, boja RAL 7016 - anthrazitgrau, praškasti premaz. 50 mm izbočena iz fasade, bočno izvučena za spoj sa zidom, sidrenje s podesivim kutnikom za učvršćivanje uglavljenim odozdo, antivibracijska traka.
Boje: sukladno Kauflandovoj paleti boja",6.26,m,609,3812.34,,0
310.010.00130,,"x..AF3..x - PVC otklopni prozor dim [1,01 / 0,6] m","POZ P03, POZ P04, POZ P06, POZ P11, POZ P12
Dobava, izvedba i ugradnja vanjskog otklopnog PVC prozora s višekomornim profilnim sustavom i dvije brtve dubine od cca.70mm. Prošireni nadvojni profil, visina 200 mm (nije iskazan u dimenziji stavke, ali je uključen u cijenu). Okvir pripravljen za spajanje s prozorskom klupicom. Dvoslojno izolacijsko neprozirno satinirano float staklo. U cijeni stavke uključiti komplet sav potreban rad i materijal prema opisu u troškovniku, kao i sve dodatne radove i materijale potrebne da se izradi kompletni prozor kao oblikovna i funkcionalna cjelina.

Izvedba: prozor s otklopnim krilom
Širina prozora: 1,01 m
Visina prozora: 0,6 m
Koeficijent toplinske provodljivosti: min. 1,3 W/m2K. Zahtijevani koeficijent prolaza topline Uw odnosi se na cijeli prozor i uzima u obzir koeficijent prolaza topline okvira (Uf), ostakljenja (Ug min. 1,1 W/m2K) i profila za održavanje razmaka izolacijskog ostakljenja (y-vrijednost).)
Kontrola: Kontakt na zasunu za kombiniranu kontrolu otvaranja i zatvaranja, VdS razred C, skrivena ugradnja
Okovi: Poluga za otvaranje/zatvaranje prozora, s eloksiranom površinom, sa zaključavanjem, osigurana protiv pogrešne upotrebe.
Vanjska klupica za prozor: od ekstrudiranog aluminijskog profila, debljina 2 mm, boja RAL 7047 - anthrazitgrau, praškasti premaz. 50 mm izbočena iz fasade, bočno izvučena za spoj sa zidom, sidrenje s podesivim kutnikom za učvršćivanje uglavljenim odozdo, antivibracijska traka.
Boje: sukladno Kauflandovoj paleti boja",5,kom,580,2900,,0
310.010.00135,,"x..AF3..x -  PVC dvodijelni otklopni prozor visine 0,6 m","POZ P02
Dobava, izvedba i ugradnja vanjskog dvodijelnog otklopnog PVC prozora s višekomornim profilnim sustavom i dvije brtve dubine od cca.70mm. Prošireni nadvojni profil, visina 200 mm (nije iskazan u dimenziji stavke, ali je uključen u cijenu). Okvir pripravljen za spajanje s prozorskom klupicom. Dvoslojno izolacijsko neprozirno satinirano float staklo. U cijeni stavke uključiti komplet sav potreban rad i materijal prema opisu u troškovniku, kao i sve dodatne radove i materijale potrebne da se izradi kompletni prozor kao oblikovna i funkcionalna cjelina.

Izvedba: prozorska traka, s prozorima s otklopnim krilima rastera 1,01 m, uklj. spojne i panel površine
Visina prozora: 0,6 m
Koeficijent toplinske provodljivosti: min. 1,3 W/m2K. Zahtijevani koeficijent prolaza topline Uw odnosi se na cijeli prozor i uzima u obzir koeficijent prolaza topline okvira (Uf), ostakljenja (Ug min. 1,1 W/m2K) i profila za održavanje razmaka izolacijskog ostakljenja (y-vrijednost).)
Kontrola: Kontakt na zasunu za kombiniranu kontrolu otvaranja i zatvaranja, VdS razred C, skrivena ugradnja
Okovi: Poluga za otvaranje/zatvaranje prozora, s eloksiranom površinom, sa zaključavanjem, osigurana protiv pogrešne upotrebe.
Vanjska klupica za prozor: od ekstrudiranog aluminijskog profila, debljina 2 mm, boja RAL 7047 - anthrazitgrau, praškasti premaz. 50 mm izbočena iz fasade, bočno izvučena za spoj sa zidom, sidrenje s podesivim kutnikom za učvršćivanje uglavljenim odozdo, antivibracijska traka.
Boje: sukladno Kauflandovoj paleti boja",2.01,m,720,1447.2,,0
310.010.00140,,"x..AF3..x -  PVC dvodijelni otklopni prozor visine 0,6 m","POZ P13
Dobava, izvedba i ugradnja vanjskog dvodijelnog otklopnog PVC prozora s višekomornim profilnim sustavom i dvije brtve dubine od cca.70mm. Prošireni nadvojni profil, visina 200 mm (nije iskazan u dimenziji stavke, ali je uključen u cijenu). Okvir pripravljen za spajanje s prozorskom klupicom. Dvoslojno izolacijsko neprozirno satinirano float staklo. U cijeni stavke uključiti komplet sav potreban rad i materijal prema opisu u troškovniku, kao i sve dodatne radove i materijale potrebne da se izradi kompletni prozor kao oblikovna i funkcionalna cjelina.

Izvedba: prozorska traka, s prozorima s otklopnim krilima rastera 1,01 m, uklj. spojne i panel površine
Visina prozora: 0,6 m
Koeficijent toplinske provodljivosti: min. 1,3 W/m2K. Zahtijevani koeficijent prolaza topline Uw odnosi se na cijeli prozor i uzima u obzir koeficijent prolaza topline okvira (Uf), ostakljenja (Ug min. 1,1 W/m2K) i profila za održavanje razmaka izolacijskog ostakljenja (y-vrijednost).)
Kontrola: Kontakt na zasunu za kombiniranu kontrolu otvaranja i zatvaranja, VdS razred C, skrivena ugradnja
Okovi: Poluga za otvaranje/zatvaranje prozora, s eloksiranom površinom, sa zaključavanjem, osigurana protiv pogrešne upotrebe.
Vanjska klupica za prozor: od ekstrudiranog aluminijskog profila, debljina 2 mm, boja RAL 7016 - anthrazitgrau, praškasti premaz. 50 mm izbočena iz fasade, bočno izvučena za spoj sa zidom, sidrenje s podesivim kutnikom za učvršćivanje uglavljenim odozdo, antivibracijska traka.
Boje: sukladno Kauflandovoj paleti boja",2.01,m,685,1376.85,,0
310.010.00145,,"x..AF3..x -  PVC višedijelni  otklopni prozor visine 0,6 m","POZ P14
Dobava, izvedba i ugradnja vanjskog dvodijelnog ili višedijelnog otklopnog PVC prozora s višekomornim profilnim sustavom i dvije brtve dubine od cca.70mm. Prošireni nadvojni profil, visina 200 mm (nije iskazan u dimenziji stavke, ali je uključen u cijenu). Okvir pripravljen za spajanje s prozorskom klupicom. Dvoslojno izolacijsko neprozirno satinirano float staklo. U cijeni stavke uključiti komplet sav potreban rad i materijal prema opisu u troškovniku, kao i sve dodatne radove i materijale potrebne da se izradi kompletni prozor kao oblikovna i funkcionalna cjelina.

Izvedba: prozorska traka, s prozorima s otklopnim krilima rastera 1,01 m, uklj. spojne i panel površine
Visina prozora: 0,6 m
Koeficijent toplinske provodljivosti: min. 1,3 W/m2K. Zahtijevani koeficijent prolaza topline Uw odnosi se na cijeli prozor i uzima u obzir koeficijent prolaza topline okvira (Uf), ostakljenja (Ug min. 1,1 W/m2K) i profila za održavanje razmaka izolacijskog ostakljenja (y-vrijednost).)
Kontrola: Kontakt na zasunu za kombiniranu kontrolu otvaranja i zatvaranja, VdS razred C, skrivena ugradnja
Okovi: Poluga za otvaranje/zatvaranje prozora, s eloksiranom površinom, sa zaključavanjem, osigurana protiv pogrešne upotrebe.
Vanjska klupica za prozor: od ekstrudiranog aluminijskog profila, debljina 2 mm, boja RAL 7016 - anthrazitgrau, praškasti premaz. 50 mm izbočena iz fasade, bočno izvučena za spoj sa zidom, sidrenje s podesivim kutnikom za učvršćivanje uglavljenim odozdo, antivibracijska traka.
Boje: sukladno Kauflandovoj paleti boja",5.01,m,668,3346.68,,0
310.010.00150,,"x..AF3..x -  PVC višedijelni  otklopni prozor visine 0,6 m","POZ F02
Dobava, izvedba i ugradnja vanjskog dvodijelnog ili višedijelnog otklopnog PVC prozora s višekomornim profilnim sustavom i dvije brtve dubine od cca.70mm. Prošireni nadvojni profil, visina 200 mm (nije iskazan u dimenziji stavke, ali je uključen u cijenu). Okvir pripravljen za spajanje s prozorskom klupicom. Dvoslojno izolacijsko neprozirno satinirano float staklo. U cijeni stavke uključiti komplet sav potreban rad i materijal prema opisu u troškovniku, kao i sve dodatne radove i materijale potrebne da se izradi kompletni prozor kao oblikovna i funkcionalna cjelina.

Izvedba: prozorska traka, s prozorima sa zaokretnim krilima rastera 1,01 m, uklj. spojne i panel površine
Visina prozora: 0,6 m
Koeficijent toplinske provodljivosti: min. 1,3 W/m2K. Zahtijevani koeficijent prolaza topline Uw odnosi se na cijeli prozor i uzima u obzir koeficijent prolaza topline okvira (Uf), ostakljenja (Ug min. 1,1 W/m2K) i profila za održavanje razmaka izolacijskog ostakljenja (y-vrijednost).)
Kontrola: Kontakt na zasunu za kombiniranu kontrolu otvaranja i zatvaranja, VdS razred C, skrivena ugradnja
Okovi: Poluga za otvaranje/zatvaranje prozora, s eloksiranom površinom, sa zaključavanjem, osigurana protiv pogrešne upotrebe.
Vanjska klupica za prozor: od ekstrudiranog aluminijskog profila, debljina 2 mm, boja RAL 7016 - anthrazitgrau, praškasti premaz. 50 mm izbočena iz fasade, bočno izvučena za spoj sa zidom, sidrenje s podesivim kutnikom za učvršćivanje uglavljenim odozdo, antivibracijska traka.
Boje: sukladno Kauflandovoj paleti boja
Prozorska krila trebaju biti spojena na sigurnosni sustav koji u slučaju požara otvara sva tri otvora - tri motora za tri krila u potpuno otvorenom položaju 90° (otvor služi za osiguranje uvjeta provjetravanja stubišta u slučaju požara, i kao takav treba ispuniti sve projektom predviđene zahtjeve).",3.01,m,1190,3581.9,,0
310.010.00155,,"x..AF5..x - PVC protuprovalni prozor dim [1,26 / 1,1] m","POZ P01
Dobava, izvedba i ugradnja vanjskog PVC prozora s višekomornim profilnim sustavom i dvije brtve dubine od cca.70mm. Prošireni nadvojni profil, visina 200 mm. Okvir pripravljen za spajanje s prozorskom klupicom. U cijeni stavke uključiti komplet sav potreban rad i materijal prema opisu u troškovniku, kao i sve dodatne radove i materijale potrebne da se izradi kompletni prozor kao oblikovna i funkcionalna cjelina.

Izvedba: fiksni prozor
Širina prozora: 1,26 m + 1,26 m
Visina prozora: 1,1 m
Koeficijent toplinske provodljivosti: min. 1,3 W/m2K. Zahtijevani koeficijent prolaza topline Uw odnosi se na cijeli prozor i uzima u obzir koeficijent prolaza topline okvira (Uf), ostakljenja (Ug min. 1,1 W/m2K) i profila za održavanje razmaka izolacijskog ostakljenja (y-vrijednost).) Uključena folija za zaštitiu od pogleda.
Kontrola: Kontakt na zasunu za kombiniranu kontrolu otvaranja i zatvaranja, detektor loma stakla, VdS razred C, skrivena ugradnja
Zahtjev: folija za zaštitu od pogleda
Vanjska klupica za prozor: od ekstrudiranog aluminijskog profila, debljina 2 mm, boja RAL 7047 - anthrazitgrau, praškasti premaz. 50 mm izbočena iz fasade, bočno izvučena za spoj sa zidom, sidrenje s podesivim kutnikom za učvršćivanje uglavljenim odozdo, antivibracijska traka.
Boje: sukladno Kauflandovoj paleti boja",1,kom,1170,1170,,0
310.020,,Vrata,,,,,0,,
310.030,,Ostali,,,,,0,,
311,,Zaštita od sunca,,,,,6500,,
311.000,,Prethodne napomene,,,,,0,,
,,ZTV - Dodatni tehnički uvjeti ugovora,"1.) Dodatni ugovoreni tehnički uvjeti dio su troškovnika te u slučaju ugovaranja postaju dio ugovora. Izvođač radova se dakle obavezuje na sve radove i primjene koje proizlaze iz ovih uvjeta te su one uračunate u cijenu, ukoliko nisu zasebno ponuđene.

2.) Cijene stavki se prikazuju kao neto iznos u državnoj valuti. Važeći zakonski propisani porez na dodanu vrijednost obračunava se zasebno.

3.) U slučaju proturječnosti dodatnih ugovorenih tehničkih uvjeta vrijede prvenstveno podaci iz troškovnika. U slučaju proturječnosti između troškovnika i tehničke dokumentacije koja se predaje prilikom natječaja, vrijedi tehnička dokumentacija.

4.) Prije početka davanja ponude, ponuditelj je dužan pažljivo pročitati kompletan tekst općih uvjeta uz troškovnik, općih i posebnih uvjeta uz svaku grupu radova, tekst samog troškovnika i ostale dijelove tehničke dokumentacije. Ako opis bilo koje stavke u troškovniku dovodi do sumnje o načinu izvedbe ili upotrebu gradiva zahtijevane kvalitete, treba prije predaje ponude zatražiti pojašnjenje od ovlaštene osobe Investitora. Naknadno pozivanje na manjkavost ili nepoznavanje projektno-tehničke dokumentacije ili opisa u troškovniku neće se uzeti u obzir, niti smatrati razlogom za produženje roka izvedbe, a niti će se priznati bilo kakva razlika u cijeni s tog naslova.

5.) Tehnička dokumentacija koja se predaje prilikom natječaja informativnog je karaktera, a ponuđač je dužan u svom trošku izvršiti kontrolu projektno tehničke dokumentacije u smislu točnosti, tehničke ispravnosti, izvedivosti i međusobne usklađenosti. Sve eventualne primjedbe ponuditelj/izvoditelj dužan je pravovremeno uz ponudu, a u svakom slučaju prije izvedbe u pisanom obliku dostaviti Nadzoru i Naručitelju

6.) Ponuditelj je dužan provesti i kontrolu lokacije na licu mjesta prije davanja ponude. Jedinične cijene za pojedine vrste radova sadrže i sve one posredne troškove koji nisu iskazani u troškovniku, ali su neminovni za izvršenje radova predviđenih projektom.

7.) Organizacija gradilišta uračunata je u cijenu, ukoliko nije ponuđena kao zasebna stavka.

8.) Dizalice za podizanje, skele, strojevi, alati, pomoćna sredstva i konstrukcije uzeti su u obzir te su uračunati u jediničnu cijenu.

9.) Skele za radove na fasadi i radove na krovu predmet su ovog natječaja. Ponuditelj smije koristiti postojeće skele uz poštivanje sigurnosnih uvjeta i na vlastitu odgovornost. Preinake na skelama nisu dozvoljene te se one moraju predati u ispravnom stanju u kojem su i preuzete.

10.) Kompletnu režiju gradilišta usigurava i rješava ponuditelj/izvođač i i uključena je u jediničnu cijenu.

11.) Ponuditelj je obvezan redovno prikupljati i ,pravilno skladištiti i odvoziti na ovlašteni deponij sve otpadne materijale, ostatke, krhotine, građevinski otpad, ambalaže, obični otpad i slično o vlastitom trošku. Kod odlaganja otpada potrebno je pridržavati se svih javnopravnih uputa i propisa.

12.) Onečišćenja koja uslijed radova nastaju na susjednim terenima, zgradama, putovima, cestama, trgovima i slično, izvođač radova treba svakodnevno čistiti.

13.) Izvođač preuzima odgovornost za osiguravanje, skladištenje i spremanje vlastite građevinske opreme, strojeva, uređaja, alata i slično. Jednako vrijedi i za građevinske materijale, elemente i za ugradnju određenih uređaja i objekata sve do primopredaje obavljenih građevinskih radova.

14.) Prilikom izvođenja radova, izvoditelj treba zaštititi sve susjedne plohe, dijelove konstrukcije i prethodno izvedene radove na prikladan način a u skladu sa pravilima zaštite na radu, tako da ne dođe do oštećenja istih. Troškove zaštite treba izvoditelj ukalkulirati u ponudbenu cijenu izvođenja radova. Ukoliko ipak dođe do oštećenja prethodno izvedenih radova za koje je odgovoran izvoditelj ili njegov kooperant, dužan je iste o svom trošku dovesti u stanje prije oštećenja ili naručiti iste radove kod drugog izvoditelja na svoj teret.

15.) Sve potrebne mjere prema javnopravnim uputama i propisima za sigurnost i zaštitu zdravlja trebaju se uzeti u obzir te ih se treba pridržavati prilikom izvođenja radova.

16.) Prilikom davanja ponude i izvođenja radova treba se uzeti u obzir, uračunati i pridržavati se
- svih državnih i javnopravnih zakona, smjernica i propisa
- svih odgovarajućih tehničkih standarda, pravila i smjernica
- općeprihvaćenih pravila tehnike
- uputa, propisa i napomena proizvođača za ugradnju i obradu
- Kauflandovih građevinskih opisa, ugovorenih uvjeta i ostalih Kauflandovih dokumenata i planova.

17.) Stavke troškovnika obuhvačaju konačno dovršenje radova definiranih po količini i kvaliteti, onosno podrazumijevaju se kao gotove, potpune i funkcionirajuće, uklj. sve potrebne male dijelove i sredstva za pričvršćivanje, pomoćne materijale i sredstva, podkonstrukcije itd., kao i sve dodatne i posebne usluge - čak i kada one nisu detaljno opisane.

18.) Ako su treće stranke uključene u izvođenje predradnji, izvođač radova ih treba provjeravati. U slučaju nepravilnosti ili prigovora pravovremeno treba informirati naručitelja, tako da može tehnički i organizacijski dovršiti poslove.

19.) Obavezno se treba pridržavati svih Kauflandovih proizvodnih uputa, osim ako postoje opravdani razlozi za odstupanje (npr. dostupnost). U tom slučaju izvođač treba ponuditi istovjetni proizvod ili sustav te potvrditi istovjetnost. O njoj odlučuje naručitelj.

20.) Sustavi se izvode isključivo pomoću komponenata koje su predviđene od strane proizvođača sustava.

21.) Svi materijali, građevinski elementi i uređaji koji neposredno utječu na izgled i funkcionalnost prije ugradnje se trebaju provjeriti. Ugrađuju se tek nakon što naručitelj ili ovlaštena osoba odobri ugradnju na gradilištu. O vrsti i obliku uzorka odlučuje naručitelj.

22.) Ako nije drukčije propisano, izmjene postojećih projektnih rješenja od strane ponuditelja/izvođača a koje utječu na mehaničku stabilnost, ponuditelj/izvođač je dužan u svom trošku ishoditi sve suglasnosti, dozvole i sl.
Projekt izvedenog stanja ukalkulirati u jedničnu cijenu te dostaviti Kauflandu u pisanom i digitalnom obliku.

23.) Svi radovi na objektu te primjenjeni sistemi gradnje moraju biti izvedeni prema pravilu struke, odnosnu u granicama dopuštenih tolerancija.

24.) Ukoliko je ugovoreni termin izvršenja objekta uključen i zimski odnosno ljetni period, to se neće posebno izvođaču priznavati na ime naknade za rad pri niskoj temperaturi, zaštita konstrukcija od hladnoće i vrućine, te atmosferskih nepogoda, sve mora biti uključeno u jediničnu cijenu. Za vrijeme zime objekat se mora zaštititi. Svi eventualni smrznuti dijelovi moraju se ukloniti i izvesti ponovo bez bilo kakve naplate. Ukoliko je temperatura niža od temperature pri kojoj je dozvoljen dotični rad, a Investitor ipak traži da se radi, Izvođač si ima pravo zaračunati naknadu po normi 6,006 ali u tom slučaju Izvođač snosi punu odgovornost za ispravnost i kvalitetu rada. To isto vrijedi i za zaštitu radova tokom ljeta od prebrzog sušenja uslijed visoke temperature.

25.) U jediničnu cijenu rada izvođač treba obuhvatiti i slijedeće radove, koji se neće zasebno platiti kao naknadni rad, čak i ako nisu izričito navedenei u troškovniku:
- sve vrste transporta građevinskih materijala, elemenata, uređaja, objekata itd. do mjesta ugradnje
- potrebne i uobičajene pripreme i predobrade tla
- sve vrste bušenja, zavarivanja, lijepljenja, malih dijelova, sredstava za pričvršćivanje, međupoložaja, izolacije, brtvljenja, folija, spojeva itd. koje su potrebne za priključak, montažu i pričvršćivanje građevinskih dijelova i elemenata
- stručna priprema i priključak na sve okolne dijelove, ugradbene i nadgradne elemente i propuste
- sve izrade kutova, spojnih površina i elemenata, završnih elemenata, slobodnih krajeva itd.
- sve podloge za montažu, priključak i pričvršćivanje kao što su beton, zidani elementi, čelik, aluminij, limovi, gips karton, itd.
- potrebne spojne, kose i okrugle rezove te ostatke rezanja
- Izrada otvora i proreza za instalacije i ugradbene elemente drugih izvođača
- interno povezivanje kablovima i priključak objekata, dovod prema električnim trošilima na gradilištu od strane elektro izvođača",,,,,,
,,Ograničenje usluge zaštite od sunca,"U sljedećim pozicijama potrebno je uzeti u obzir i uračunati sljedeće usluge, čak i ako nisu izričito navedene:
- Pričvršćivanje na svim vrstama podloga kao što su profilni sustavi od plastike, aluminija, itd.
- eventualna oštećenja na površini i / ili slojevima pravilno ukloniti
- Kabele za priključak pogona zaštite protiv sunjca dovesti u unutrašnjost zgrade i opremiti utikačem, proboje zabrtviti
- Upravljačku jedinicu spaja električar na gradilištu",,,,,,
311.010,,Vanjska zaštita od sunca,,,,,6500,,
311.010.00100,,"x..SJ6..x - Vanjske žaluzine, za pojedinačne prozore, veličine 1,26 / 1,4 m","POZ P05
Zaštitu od sunca kao vanjske lamelne žaluzine, za jednostruke prozore, uklj. dodatnu zaštitu od vjetra sukladno sustavu proizvođača. izraditi, isporučiti i montirati.

Izvedba: Jednostruka zavjesa
Aluminijske lamele: sa savijenim rubovima, 80 mm, blago zakrivljene, s premazom u prahu
Donja šina: od aluminija, s premazom u prahu
Bočna vodilica: Aluminijske vodilice, s premazom u prahu
Traka i ljestvasti svitak: od vrlo čvrstog poliestra
Rukovanje: ručno, pomoću poluge i ručice s unutarnje strane.
Širina prozorskog elementa: 1,26 m
Visina prozorskog elementa: 1,4 m
Boje: sukladno Kauflandovoj paleti boja",1,kom,345,345,,0
311.010.00105,,"x..SJ6..x - Vanjske žaluzine, za pojedinačne prozore, veličine 1,26 / 1,7 m","POZ P10
Zaštitu od sunca kao vanjske lamelne žaluzine, za jednostruke prozore, uklj. dodatnu zaštitu od vjetra sukladno sustavu proizvođača. izraditi, isporučiti i montirati.

Izvedba: Jednostruka zavjesa
Aluminijske lamele: sa savijenim rubovima, 80 mm, blago zakrivljene, s premazom u prahu
Donja šina: od aluminija, s premazom u prahu
Bočna vodilica: Aluminijske vodilice, s premazom u prahu
Traka i ljestvasti svitak: od vrlo čvrstog poliestra
Rukovanje: ručno, pomoću poluge i ručice s unutarnje strane.
Širina prozorskog elementa: 1,26 m
Visina prozorskog elementa: 1,7 m
Boje: sukladno Kauflandovoj paleti boja",1,kom,435,435,,0
311.010.00110,,"x..SJ6..x - Vanjske žaluzine, za prozorske vrpce, visine 1,7 m (SAMO KUTIJA)","POZ P07
Zaštitu od sunca kao vanjske lamelne žaluzine, za prozorske trake, u različitim pojedinačnim dimenzijama, uklj. dodatnu zaštitu od vjetra sukladno sustavu proizvođača. izraditi, isporučiti i montirati.

Isporuka kao prethodna stavka, ali samo kutije za žaluzine radi ujednačenog izgleda fasade.

Visina prozorskih traka: 1,7 m
Boje: sukladno Kauflandovoj paleti boja",2.5,m,290,725,,0
311.010.00115,,"x..SJ6..x - Vanjske žaluzine, za prozorske vrpce, visine 1,7 m","POZ P08, POZ P15, POZ P16
Zaštitu od sunca kao vanjske lamelne žaluzine, za prozorske trake, u različitim pojedinačnim dimenzijama, uklj. dodatnu zaštitu od vjetra sukladno sustavu proizvođača. izraditi, isporučiti i montirati.

Izvedba: Jednostruka zavjesa s maksimalnom širinom od 2,52 m, raster 1,26 m, uklj. spojna polja, maksimalno 2 mehanički spojene zavjese
Aluminijske lamele: sa savijenim rubovima, 80 mm, blago zakrivljene, s premazom u prahu
Donja šina: od aluminija, s premazom u prahu
Bočna vodilica: Aluminijske vodilice, s premazom u prahu
Traka i ljestvasti svitak: od vrlo čvrstog poliestra
Rukovanje: ručno, pomoću poluge i ručice s unutarnje strane.
Visina prozorskih traka: 1,7 m
Boje: sukladno Kauflandovoj paleti boja",11.25,m,290,3262.5,,0
311.010.00120,,- maska lamela zaštite od sunca,"Dobava, izrada i postava gornja kutne maskice za prihvat paleta lamela, od obrubljenog aluminijskog lima, minimalne debljine lima 1,5 mm, obloženo prahom u nijansi RAL 7016 - anthrazitgrau otporni na ultraljubičasto zračenje.",16.5,m,105,1732.5,,0
,,,,,,,,,
313.010,,unutarnja vrata,,,,,5320,,
313.010.00100,,"x..IT26..x - PVC 1-krilna vrata dimenzije [ 0,86 / 2,16 ] m","POZ P19, POZ P20
Izrada i postava unutarnjih jednokrilnih vrata PVC izvedbe bez praga. Okvir vrata od pvc profila sa pocinčanim metalnim ojačanjem od čelika

Referentna mjera za ugradnju: [ 0,86 / 2,16 ] m
Izvedba: Zaokretna vrata, 1-krilna, sa smjerom otvaranja ulijevo ili udesno
Okvir: pvc profila sa pocinčanim metalnim ojačanjem od čelika
Krilo vrata: izvedeno od pvc sendvić panela debljine 40mm.
Izvedba rubova: savijeni
Šarke: od nehrđajućeg čelika
Garnitura: Kvaka od plastike s čeličnom jezgrom, U-oblik s okruglim okvirima kvake i brave
Brava: Ugradbena brava sa zasunom, objektne kvalitete, pripremljena za profilni cilindar
Boje: sukladno Kauflandovoj paleti boja
Zidni zaustavljač vrata od mekane plastike, okrugli, promjera ca. 40 mm, s držačem od nehrđajućeg čelika, uklj. sredstva za pričvršćivanje, isporučiti i montirati",2,kom,690,1380,,
313.010.00105,,"x..IT26..x - PVC 1-krilna vrata dimenzije [ 0,96 / 2,16 ] m","POZ P21, POZ P22, POZ P23, POZ P24
Izrada i postava unutarnjih jednokrilnih vrata PVC izvedbe bez praga. Okvir vrata od pvc profila sa pocinčanim metalnim ojačanjem od čelika

Referentna mjera za ugradnju: [ 0,96 / 2,16 ] m
Izvedba: Zaokretna vrata, 1-krilna, sa smjerom otvaranja ulijevo ili udesno
Okvir: pvc profila sa pocinčanim metalnim ojačanjem od čelika
Krilo vrata: izvedeno od pvc sendvić panela debljine 40mm.
Izvedba rubova: savijeni
Šarke: od nehrđajućeg čelika
Garnitura: Kvaka od plastike s čeličnom jezgrom, U-oblik s okruglim okvirima kvake i brave
Brava: Ugradbena brava sa zasunom, objektne kvalitete, pripremljena za profilni cilindar
Boje: sukladno Kauflandovoj paleti boja
Zidni zaustavljač vrata od mekane plastike, okrugli, promjera ca. 40 mm, s držačem od nehrđajućeg čelika, uklj. sredstva za pričvršćivanje, isporučiti i montirati",4,kom,770,3080,,
313.010.00110,,"x..IT26..x - PVC 1-krilna vrata dimenzije [ 1,06 / 2,16 ] m","POZ P25
Izrada i postava unutarnjih jednokrilnih vrata PVC izvedbe bez praga. Okvir vrata od pvc profila sa pocinčanim metalnim ojačanjem od čelika

Referentna mjera za ugradnju: [ 1,06 / 2,16 ] m
Izvedba: Zaokretna vrata, 1-krilna, sa smjerom otvaranja ulijevo ili udesno
Okvir: pvc profila sa pocinčanim metalnim ojačanjem od čelika
Krilo vrata: izvedeno od pvc sendvić panela debljine 40mm.
Izvedba rubova: savijeni
Šarke: od nehrđajućeg čelika
Garnitura: Kvaka od plastike s čeličnom jezgrom, U-oblik s okruglim okvirima kvake i brave
Brava: Ugradbena brava sa zasunom, objektne kvalitete, pripremljena za profilni cilindar
Boje: sukladno Kauflandovoj paleti boja
Zidni zaustavljač vrata od mekane plastike, okrugli, promjera ca. 40 mm, s držačem od nehrđajućeg čelika, uklj. sredstva za pričvršćivanje, isporučiti i montirati",1,kom,860,860,,
