,,,,,,,
,,,,,,,
,,,,,,,
,0.,PRIPREMNI RADOVI I RUŠENJA ,,,,,
,,,,,,,
,,OPĆI UVJETI,,,,,
,,,,,,,
,,"NAPOMENA: Radovi se izvode prema opisu u troškovniku, prema podacima iz projektne dokumentacije, uz rješavanje svih eventualnih pitanja u suradnji s projektantom i u skladu sa važećim standardima. Sav upotrebljeni materijal mora odgovarati postojećim propisima i standardima. U svemu se strogo pridržavati zahtjeva, uputa i tehnologije proizvođača upotrebljenih materijala, kao i materijala i uređaja koji se montiraju. Sve su dimenzije konstruktivnih elemenata date okvirno. Prije izvedbe obavezno uzeti točne mjere na građevini.
Radovi vezani za blindiranje, demontažu, uklanjanje i/ili sl. elemenata kanalizacije, vodovoda, priključaka elektrike, telefona, grijanja, ventilacija i svih ostalih priključaka nisu predmet obrade ovog troškovnika. U jedinične cijene stavki ukalkulirati sav odvoz na gradilišni deponij (u dvorištu i/ili sl.). Sve radove rušenja i demontaža izvesti na način da se",,,,,
,,"ne oštećuje i ne narušava geometrija postojeće konstrukcije građevine (uglovi, plohe i/ili sl.) i/ili sl.

Prilikom demontaža pojedinih elemenata, vezano uz prenamjenu prostorija, postojeće konstrukcije i pročelja, demontaža postojećih ustakljenih stijena, izvođač se mora u potpunosti pridržavati Pravilnika o zaštiti na radu u građevinarstvu. Voditi računa da se ne oštete dijelovi zgrade koji se ne ruše. Po izvršenom čišćenju, skidanje starog nalića i hrđe, elemenata konstrukcije obavezno je pozvati nadzornog inženjera i projektanta radi detaljnog pregleda postojeće konstrukcije i dogovora odnosno rješavanja detalja za zamjenu uništenih elemenata odnosno za eventualno potrebna ojačanja.
Rad se izvodi uz gradske ukice te je nužno ograditi porstor gradilišta i po potrebi izvesti zaštitnu skelu za prolaznike. Visinu radi dizanja",,,,,
,,"i spuštanja materijala ukalkulirati kod svih radova.

Obaveza je izvođača proučiti sve projekte predmetne građevine, te u jedinične cijene stavki uračunati sve radove, potrebne materijale, njihove količine i/ili sl. (eventualno ne specificirane posebno u samom troškovniku), a koji su (prema uzancama struke, pravilima dobrog zanata i sl.) potrebni za potpuno dovršenje građevine, tj. dovođenje u stanje ""potpuno spremno za uporabu"". Svi takvi radovi i materijali trebaju biti uračunati u jedinične cijene, tj. neće se posebno priznati ni plaćati nikakvi vantroškovnički radovi, materijali, količine i/ili sl. Prije davanja ponude potreban je uvid na licu mjesta.
Obračun radova vrši se prema važećim propisima, po stvarno izvedenim količinama. Jediničnom cijenom obuhvaćen je sav rad, potreban materijal",,,,,
,,"s transportom na gradilište, skele potrebne za izvođenje pojedinih radova, primjena mjera zaštite na radu i drugih važećih propisa. Svi opći opisi, opći uvjeti, obračunsko-tehničke specifikacije i sl. sastavni su dio troškovnika i moraju biti priloženi i ovjereni prilikom davanja ponude.",,,,,
,,,,,,,
,RB,STAVKA,JEDINICA MJERE,KOLIČINA,JEDINIČNA CIJENA,UKUPNA CIJENA,
,,,,,,,
,0.1.,UREĐENJE GRADILIŠTA,,,,,
,,,,,,,
,0.1.1.,Uređenje i organizacija gradilišta,,,,,
,,"Stavka obuhvaća provedbu mjera Plana izvođenja radova, a u skladu sa Pravilnikom o zaštiti na radu:
- mobilizaciju, održavanje i demobilizaciju kontejnera uprave gradilišta, sanitarnih čvorova, opreme, alata i strojeva;
- izradu potrebnih privremenih priključaka (voda, el.energija, i/ili sl.), pogonske energije i pomoćnih građevina;
- označavanje gradilišta pločom dimenzija 2,0x1,5 m, s fotografijom 3D vizualizacije građevine i postava ostalih znakova upozorenja prema Pravilniku o zaštiti na radu;
- ishođenje potrebnih suglasnosti i dozvola lokalne uprave i komunalnih službi;
- izrada i regulacija privremenih putova, zaštita okoline od oštećenja, čišćenje manipulativnih površina i osiguranje mjesta za skladištenje i deponiranje materijala;
- mobilizacija i amortizacija vertikalnog i",,,,,
,,"horizontalnog transporta;
- izrada zaštitnih ograda i konstrukcija za sprječavanje utjecaja radova na susjedne građevine, okolinu i gotove dijelove građevine;
- formiranje pristupnih koridora do mjesta rada;
- provedbu zbrinjavanja otpada prema važećim propisima.",,,,,
,0.1.1.a.,Obračun u kompletu.,komplet,1,,,
,,,,,,,
,0.1.,UREĐENJE GRADILIŠTA UKUPNO:,,,,0,0
,,,,,,,
,0.2.,ZAŠTITA POSTOJEĆIH INSTALACIJA,,,,,
,,,,,,,
,0.2.1.,"Pažljivi i precizni ručni iskop probnih šliceva na prosječnom razmaku od 25 m, te na mjestima koja odredi nadzorni inženjer radi utvrđivanja položaja (visinski i tlocrtno) postojećih instalacija, do dužine iskopa od 1,5 m. Iskope izvesti, te ograditi, uz primjenu mjera zaštite na radu i korištenje osobne zaštitne opreme. Stavka se izvodi isključivo po odobrenju i uputama nadzornog inžinjera.
Obračun po kompletu izvedenih radova.",,,,,
,0.2.1.a.,,komplet,1,750,750,
,,,,,,,
,0.2.2.,"Zaštita postojećih komunalnih instalacija. Stavka obuhvaća: ručni otkop zemlje radi detektiranja instalacija, oblaganje instalacija PVC prefabrikatima - polucijevima Ø100-150 mm, zatrpavanje, te zbrinjavanje viška zemlje. Stavka se izvodi isključivo po odobrenju i uputama nadzornog inženjera.
Obračun po m1 kompletne izvedbe obložnih cijevi za zaštitu instalacija.",,,,,
,0.2.2.a.,,m,10,25,250,
,,,,,,,
,0.2.,ZAŠTITA POSTOJEĆIH INSTALACIJA UKUPNO:,,,,1000,0
,,,,,,,
,0.3.,RUŠENJA I UKLANJANJA (NS02-1.),,,,,
,,,,,,,
,,OPĆI UVJETI,,,,,
,,,,,,,
,,"Izvedba u svemu prema standardnoj tehničkoj specifikaciji prodajnog mjesta Eurospin - NS02 - točka 1.1.

Sve dolje opisane stavke podrazumijevaju sve troškove za pravilno izvođenje posla u skladu sa zaštitom na radu i prema važećim zakonima (poštivanje ograničenja razine buke, radove privremenog pridržavanja i sve potrebne mjere opreza za zaštitu postrojenja, podkonstrukcija, susjednih građevina, mogućih popravaka, itd.)",,,,,"Napomena: svu metalnu konstrukciju, limove i ostale elemente bivši vlasnik deponira i odvozi. "
,,,,,,,
,0.3.1.,RUŠENJA (NS02-1.1.),,,,,
,,,,,,,
,0.3.1.1.,Djelomično rušenje spojenih objekata (NS02-1.1.2.),,,,,
,,,,,,,
,,OPĆI UVJETI,,,,,
,,,,,,,
,,"Izvedba u svemu prema standardnoj tehničkoj specifikaciji prodajnog mjesta Eurospin NS02 - točka 1.1.2.

Djelomično rušenje građevinskih objekata koje se izvodi radnim strojevima, uključuje demontažu i uklanjanje svih dodatnih elemenata, utovar i transport nastalih materijala na ovlaštena javna odlagališta, troškove odlagališta i podizanje skela. Procijenjeno je prema stvarnom volumenu. Za zgrade i/ili ograde:
- s konstrukcijom u kamenu ili opeci
- s armiranobetonskim zidovima izvedenim na gradilištu",,,,,
,,,,,,,
,,,,,,,
,0.3.1.1.2.,"Provedba postupka isključenja vodovodnih instalacija postojeće zgrade s vodoopskrbnog sustava grada, prema uvjetima nadležne komunalne tvrtke. Odvajanje od vodovoda, te blindiranje uličnog priključaka izvesti u dosadašnjem vodomjernom oknu.
Obračun po kompletu kompletno izvršenog isključenja.",,,,,
,0.3.1.1.2.a.,,komplet,1,,,IZVODI NARUČITELJ
,,,,,,,
,0.3.1.1.3.,"Provedba postupka isključenja instalacija jake struje postojeće zgrade s elektroenergetske NN mreže, prema uvjetima nadležnog distributera električne energije HEP-ODS.
Obračun po komadu kompletno izvršenog isključenja.",,,,,
,0.3.1.1.3.a.,,komplet,1,,,IZVODI NARUČITELJ
,,,,,,,
,0.3.1.1.4.,"Provedba postupka isključenja instalacija slabe struje postojeće zgrade s fiksne telefonske mreže, prema uvjetima nadležnog telekomunikacijskog operatera. Priključni je vod postavljen podzemno.
Obračun po komadu kompletno izvršenog isključenja.",,,,,
,0.3.1.1.4.a.,,komplet,1,,,IZVODI NARUČITELJ
,,,,,,,
,0.3.1.1.5.,"Demontaža pokrova ravnog krova i nadstrešnica blagog nagiba autosalona i autopraonice sastavljenog od trapeznog lima, parne brane, ploča toplinske izolacije od mineralne vune i podgleda od profiliranog lima, komplet sa svjetlarnicima od ploča polikarbonata i sl., oblogom atike, opšavima, vodolovnim grlima, instalacijom za zaštitu od munje i sl.. Krov je na visini do 6,0 m od nivoa uređenog terena. Obavezna je primjena svih mjera zaštite na radu, zaštite okoliša i drugih važećih propisa. Uključivo potreban rad, sortiranje uklonjenog materijala po vrstama otpada, horizontalni i vertikalni transport na gradilištu, te odvoz na gradski deponij. Slojevi su pretpostavljeni, a obračun se vrši bez obzira na stvarne slojeve.
Obračun po m2 kompletno svih slojeva pokrova.",,,,,
,0.3.1.1.5.a.,pokrov,m²,322,5,1610,
,0.3.1.1.5.b.,svjetlarnici,m²,15,5,75,
,0.3.1.1.5.c.,obloga atike,m²,102.95,5,514.75,
,,,,,,2199.75,
,,,,,,,
,0.3.1.1.6.,"Demontaža pokrova ravnog krova blagog nagiba konzolnih nadstrešnica sastavljenog od trapeznog lima, OSB ploča i završno hidroizolacijske obloge od mekog PVC-a, komplet sa pokrovom spojne nadstrešnice od polikarbonata te oblogom atike, opšavima, vodolovnim grlima, instalacijom za zaštitu od munje i sl.. Krov je na visini do 4,0, odnosno do 6,2 m od nivoa uređenog terena. Obavezna je primjena svih mjera zaštite na radu, zaštite okoliša i drugih važećih propisa. Uključivo potreban rad, sortiranje uklonjenog materijala po vrstama otpada, horizontalni i vertikalni transport na gradilištu, te odvoz na gradski deponij. Slojevi su pretpostavljeni, a obračun se vrši bez obzira na stvarne slojeve.
Obračun po m2 kompletno svih slojeva pokrova.",,,,,
,0.3.1.1.6.a.,"nadstrešnica na visini do 6,2 m",m²,78,5,390,
,0.3.1.1.6.b.,nadstrešnica na visini do cca 4 m,m²,29,5,145,
,0.3.1.1.6.c.,"nadstrešnica na visini do cca 3,5 m",m²,3.5,5,17.5,
,0.3.1.1.6.d.,obloga atike,m²,66.47,5,332.35,
,,,,,,884.85,
,,,,,,,
,0.3.1.1.7.,"Demontaža čelične nosive konstrukcije autosalona i autopraonice. Konstrukcija se sastoji od vertikalne nosive konstrukcije (čeličnih stupova) i čelične konstrukcije ravnog krova i nadstrešnice.
Uključivo potreban rad, sortiranje uklonjenog materijala po vrstama otpada, horizontalni i vertikalni transport na gradilištu, te odvoz na gradski deponij.
Obračun po m2 ortogonalne projekcije kompletne konstrukcije.",,,,,
,0.3.1.1.7.a.,,m²,337,10.5,3538.5,
,,,,,,,
,0.3.1.1.8.,"Demontaža čelične konstrukcije konzolnih nadstrešnica. Konstrukcija se sastoji od konzolne nosive čelične konstrukcije, čeličnih zatega i/ili sl.
Uključivo potreban rad, sortiranje uklonjenog materijala po vrstama otpada, horizontalni i vertikalni transport na gradilištu, te odvoz na gradski deponij.
Obračun po m2 ortogonalne projekcije kompletne konstrukcije.",,,,,
,0.3.1.1.8.a.,,m²,110.5,10.5,1160.25,
,,,,,,,
,0.3.1.1.9.,"Demontaža čelične konstrukcije za reklame. Konstrukcija se sastoji od konzolne nosive čelične konstrukcije učvršćene u zid i/ili sl.
Uključivo potreban rad, sortiranje uklonjenog materijala po vrstama otpada, horizontalni i vertikalni transport na gradilištu, te odvoz na gradski deponij.
Obračun po m2 ortogonalne projekcije kompletne konstrukcije.",,,,,
,0.3.1.1.9.a.,,m²,10,10.5,105,
,,,,,,,
,0.3.1.1.10.,"Pažljivo rušenje (izrezivanje) armirano betonske konstrukcije konzolnih nadstrešnica. Konstrukcija se sastoji od konzolne AB ploče duljine 90 i 160 cm. Kod rušenja u cijenu stavke treba uključiti potrebna podupiranja - prihvat izrezanih elemenata i sva potrebna osiguranja. Rušenja treba vršiti rezanjem dijamantnom pilom. Uključivo uredno izveden rub prema dijelu zida koji se ne ruši.
Uključivo potreban rad, sortiranje uklonjenog materijala po vrstama otpada, horizontalni i vertikalni transport na gradilištu, te odvoz na gradski deponij.
Obračun po m2 ortogonalne projekcije kompletne konstrukcije.",,,,,
,0.3.1.1.10.a.,Stavka je alternativna koliko se utvrdi da nadstrešnice nemaju čeličnu nego AB konstrukciju,m²,32.5,88.32,2870.4,
,,,,,,,
,0.3.1.1.11.,"Rušenje (uklanjanje) armiranobetonskog unutarnjeg stubišta između podruma i prizemlja, koje se sastoji od dva kraka s ukupno 21 stubom i podesta, obloženog keramičkim pločicama. Kod rušenja u cijenu stavke treba uključiti potrebna podupiranja - prihvat izrezanih elemenata te potrebna osiguranja. Rušenja treba vršiti rezanjem dijamantnom pilom. Komadi do max 200 kg kontinuirano se iznose van zgrade (bez gomilanja na zgradi), utovaruju u kamion i odvoze na gradsku deponiju a to je uključeno u cijenu stavke komplet sa postotkom na rastresitost. Obračun po m2 što uključuje bušenje rupa, rezanje i/ili sl., u svemu do potpuno uklonjenog dvokrakog stubišta.
Uključivo potrebna skela, horizontalni i vertikalni transport na gradilištu, te odvoz na gradski deponij.
Obračun po m2 tlocrtne projekcije komplet. uklonjenog stubišta.",,,,,
,0.3.1.1.11.a.,,m²,10.3,126.72,1305.216,
,,,,,,,
,0.3.1.1.12.,"Rušenje (uklanjanje) armiranobetonskog unutarnjeg stubišta između prizemlja i međukata, koje se sastoji od dva kraka s ukupno 16 stuba i dva podesta, obloženog keramičkim pločicama. Kod rušenja u cijenu stavke treba uključiti potrebna podupiranja - prihvat izrezanih elemenata te potrebna osiguranja. Rušenja treba vršiti rezanjem dijamantnom pilom. Komadi do max 200 kg kontinuirano se iznose van zgrade (bez gomilanja na zgradi), utovaruju u kamion i odvoze na gradsku deponiju a to je uključeno u cijenu stavke komplet sa postotkom na rastresitost. Obračun po m2 što uključuje bušenje rupa, rezanje i/ili sl., u svemu do potpuno uklonjenog dvokrakog stubišta.
Uključivo potrebna skela, horizontalni i vertikalni transport na gradilištu, te odvoz na gradski deponij.
Obračun po m2 tlocrtne projekcije komplet. uklonjenog stubišta.",,,,,
,0.3.1.1.12.a.,,komad,15.24,126.72,1931.2128,
,,,,,,,
,0.3.1.1.13.,"Rušenje (uklanjanje) armiranobetonskog unutarnjeg stubišta između međukata i prvog kata, koje se sastoji od dva kraka s ukupno 16 stuba i dva podesta, obloženog keramičkim pločicama. Kod rušenja u cijenu stavke treba uključiti potrebna podupiranja - prihvat izrezanih elemenata te potrebna osiguranja. Rušenja treba vršiti rezanjem dijamantnom pilom. Komadi do max 200 kg kontinuirano se iznose van zgrade (bez gomilanja na zgradi), utovaruju u kamion i odvoze na gradsku deponiju a to je uključeno u cijenu stavke komplet sa postotkom na rastresitost. Obračun po m2 što uključuje bušenje rupa, rezanje i/ili sl., u svemu do potpuno uklonjenog dvokrakog stubišta.
Uključivo potrebna skela, horizontalni i vertikalni transport na gradilištu, te odvoz na gradski deponij.
Obračun po m2 tlocrtne projekcije komplet. uklonjenog stubišta.",,,,,
,0.3.1.1.13.a.,,komad,15.45,126.72,1957.824,
,,,,,,,
,0.3.1.1.14.,"Rušenje (uklanjanje) dijela stropne konstrukcije podruma, a koja se sastoji od nosive arm. bet. ploče stropa debljine 25,0 cm. Debljina ploče je pretpostavljena. Kod rušenja u cijenu stavke treba uključiti potrebna podupiranja - prihvat izrezanih elemenata te potrebna osiguranja. Rušenja treba vršiti rezanjem dijamantnom pilom. Komadi do max 200 kg kontinuirano se iznose van zgrade (bez gomilanja na zgradi), utovaruju u kamion i odvoze na gradsku deponiju a to je uključeno u cijenu stavke komplet sa postotkom na rastresitost. Obračun po m2 što uključuje bušenje rupa, rezanje i/ili sl., u svemu do potpuno uklonjene ploče debljine 25 cm.
Uključivo potrebna skela, horizontalni i vertikalni transport na gradilištu, te odvoz na gradski deponij.
Obračun po m2 komplet. uklonjenog stropa.",,,,,
,0.3.1.1.14.a.,,m²,11.95,126.72,1514.304,
,,,,,,,
,0.3.1.1.15.,"Rušenje (uklanjanje) dijela stropne konstrukcije prizemlja, na koti +2,30, pod međukata, a koja se sastoji od nosive arm. bet. ploče stropa debljine 25,0 cm. Debljina ploče je pretpostavljena. Kod rušenja u cijenu stavke treba uključiti potrebna podupiranja - prihvat izrezanih elemenata te potrebna osiguranja. Rušenja treba vršiti rezanjem dijamantnom pilom. Komadi do max 200 kg kontinuirano se iznose van zgrade (bez gomilanja na zgradi), utovaruju u kamion i odvoze na gradsku deponiju a to je uključeno u cijenu stavke komplet sa postotkom na rastresitost. Obračun po m2 što uključuje bušenje rupa, rezanje i/ili sl., u svemu do potpuno uklonjene ploče debljine 25 cm.
Uključivo potrebna skela, horizontalni i vertikalni transport na gradilištu, te odvoz na gradski deponij.
Obračun po m2 komplet. uklonjenog stropa.",,,,,
,0.3.1.1.15.a.,,m²,5.2,126.72,658.944,
,,,,,,,
,0.3.1.1.16.,"Rušenje (uklanjanje) dijela stropne konstrukcije prizemlja, na koti +3,65, a koja se sastoji od nosive arm. bet. ploče stropa debljine 25,0 cm. Debljina ploče je pretpostavljena. Kod rušenja u cijenu stavke treba uključiti potrebna podupiranja - prihvat izrezanih elemenata te potrebna osiguranja. Rušenja treba vršiti rezanjem dijamantnom pilom. Komadi do max 200 kg kontinuirano se iznose van zgrade (bez gomilanja na zgradi), utovaruju u kamion i odvoze na gradsku deponiju a to je uključeno u cijenu stavke komplet sa postotkom na rastresitost. Obračun po m2 što uključuje bušenje rupa, rezanje i/ili sl., u svemu do potpuno uklonjene ploče debljine 25 cm.
Uključivo potrebna skela, horizontalni i vertikalni transport na gradilištu, te odvoz na gradski deponij.
Obračun po m2 komplet. uklonjenog stropa.",,,,,
,0.3.1.1.16.a.,,m²,13.43,126.72,1701.8496,
,,,,,,,
,0.3.1.1.17.,"Rušenje (uklanjanje) dijela stropne konstrukcije međukata, na koti +4,93, a koja se sastoji od nosive arm. bet. ploče stropa debljine 25,0 cm. Debljina ploče je pretpostavljena. Kod rušenja u cijenu stavke treba uključiti potrebna podupiranja - prihvat izrezanih elemenata te potrebna osiguranja. Rušenja treba vršiti rezanjem dijamantnom pilom. Komadi do max 200 kg kontinuirano se iznose van zgrade (bez gomilanja na zgradi), utovaruju u kamion i odvoze na gradsku deponiju a to je uključeno u cijenu stavke komplet sa postotkom na rastresitost. Obračun po m2 što uključuje bušenje rupa, rezanje i/ili sl., u svemu do potpuno uklonjene ploče debljine 25 cm.
Uključivo potrebna skela, horizontalni i vertikalni transport na gradilištu, te odvoz na gradski deponij.
Obračun po m2 komplet. uklonjenog stropa.",,,,,
,0.3.1.1.17.a.,,m³,8.81,126.72,1116.4032,
,,,,,,,
,0.3.1.1.18.,"Rušenje (uklanjanje) pregradnih zidova, zidova ispune, parapeta, dijelova zidova i/ili sl. od od gipskartonskih ploča na metalnoj potkonstrukciji, deblj. do 15 cm, eventualno obloženi jednostrano ili obostrano keramičkim pločicama, komplet s instalacijama, visine do 4,0 m.
Uključivo odvoz na gradski deponij.
Mjesto uklanjanja: prizemlje.
Obračun po m2 kompletno uklonjenog zida.",,,,,
,0.3.1.1.18.a.,,m²,40.02,31,1240.62,
,,,,,,,
,0.3.1.1.19.,"Rušenje (uklanjanje) pregradnih zidova, zidova ispune, parapeta, dijelova zidova i/ili sl. od opeke debljine 10-12 cm, eventualno s arm.bet. elementima (nadvoji, serklaži i/ili sl.), instalacijama i/ili sl., obostrano ožbukanih, eventualno obloženih keramičkim pločicama jednostrano i/ili obostrano, visine do 4,0 m.
Uključivo odvoz na gradski deponij.
Mjesto uklanjanja: podrum, prizemlje, prvi kat
Obračun po m2 kompletno uklonjenog zida.",,,,,
,0.3.1.1.19.a.,,m²,62.96,49,3085.04,
,,,,,,,
,0.3.1.1.20.,"Rušenje (uklanjanje) pregradnih zidova, zidova ispune, parapeta, dijelova zidova i/ili sl. od od šuplje opeke debljine 19 cm, obostrano ožbukanih, komplet s instalacijama, visine do 4,0 m. Uključivo uredno izveden rub prema dijelu zida koji se ne ruši.
Uključivo odvoz na gradski deponij.
Mjesto uklanjanja: podrum.
Obračun po m2 kompletno uklonjenog zida.",,,,,
,0.3.1.1.20.a.,,m²,15.05,49,737.45,
,,,,,,,
,0.3.1.1.21.,"Rušenje (uklanjanje) nosivih zidova i zidova ispune okvirnog sustava postojeće zgrade, od blok opeke debljine 25-30 cm, obostrano ožbukanih i/ili obloženih keramičkim pločicama. Uključivo uredno izveden rub prema dijelu zida koji se ne ruši.
Uključivo potrebna skela, te odvoz na gradski deponij.
Obračun po m3 kompletno uklonjenog zida.",,,,,
,0.3.1.1.21.a.,,m³,35.94,98,3522.12,
,,,,,,,
,0.3.1.1.22.,"Rušenje (uklanjanje) nosivih zidova, i/ili dijelova nosivih zidova, postojeće zgrade, od armiranog betona debljine 25-30 cm, obostrano ožbukanih i/ili obloženih keramičkim pločicama. Uključivo uredno izveden rub prema dijelu zida koji se ne ruši.
Uključivo potrebna skela i odvoz na gradski deponij.
Mjesto uklanjanja: podrum, prizemlje, kat.
Obračun po m3 kompletno uklonjenog zida.",,,,,
,0.3.1.1.22.a.,,m³,79.04,108.8,8599.552,
,,,,,,,
,0.3.1.1.23.,"Izrezivanje otvora, parapeta, ležajeva za nove nadvoje, vertikalne serklaže, i sl. u nosivim ab zidovima postojeće zgrade, debljine 25-30 cm, obostrano ožbukanih i/ili obloženih keramičkim pločicama, uključivo uredno izveden rub prema dijelu zidova koji se ne ruši (rezalicama).
Uključivo potrebna skela i odvoz na gradski deponij.
Mjesto uklanjanja: podrum, prizemlje, kat.
Obračun po m3 kompletno uklonjenog zida.",,,,,
,0.3.1.1.23.a.,,m³,3.5,194,679,
,,,,,,,
,0.3.1.1.24.,"Izrezivanje otvora, parapeta, ležajeva za nove nadvoje, vertikalne serklaže, i sl. u nosivim zidovima, zidovima ispune postojeće zgrade,
od blok opeke debljine 25-30 cm, obostrano ožbukanih i/ili obloženih keramičkim pločicama, uključivo uredno izveden rub prema dijelu zidova koji se ne ruši.
Uključivo potrebna skela i odvoz na gradski deponij.
Mjesto uklanjanja: podrum, prizemlje, kat.
Obračun po m3 kompletno uklonjenog zida.",,,,,
,0.3.1.1.24.a.,,m³,1.71,194,331.74,
,,,,,,,
,0.3.1.1.25.,"Izrezivanje otvora, ležajeva za nove nadvoje, i sl. u nosivim ukopanim ab zidovima postojeće zgrade, debljine 25-30 cm, ožbukanih s unutarnje strane, obloženih toplinskom i hidroizolacijom te zaštitom hidroizolacije i sl. s vanjske strane , uključivo uredno izveden rub prema dijelu zidova koji se ne ruši (rezalicama).
Uključivo potrebna skela i odvoz na gradski deponij.
Mjesto uklanjanja: podrum.
Obračun po m3 kompletno uklonjenog zida.",,,,,
,0.3.1.1.25.a.,,m³,0.61,194,118.34,
,,,,,,,
,0.3.1.1.28.,"Strojno rušenje (uklanjanje) armiranobetonske podne ploče podruma, pretpostavljene debljine 15 cm s cementnim estrihom debljine cca 4 cm, s razbijanjem na manje komade (do 300 kg).
Uključivo odvoz na gradski deponij.
Obračun po m3 kompletno uklonjene ploče.",,,,,
,0.3.1.1.28.a.,,m³,2.03,115,233.45,
,,,,,,,
,0.3.1.1.29.,"Strojno rušenje (uklanjanje) armiranobetonske podne ploče autosalona, pretpostavljene debljine 20-30 cm s cementnim estrihom debljine cca 5 cm, rampe, pasice i sl. s razbijanjem na manje komade (do 300 kg).
Uključivo odvoz na gradski deponij.
Obračun po m3 kompletno uklonjene ploče.",,,,,
,0.3.1.1.29.a.,,m³,49.18,89,4377.02,
,,,,,,,
,0.3.1.1.30.,"Strojno rušenje (uklanjanje) betonskih podnih ploča parkirališta ostalih ispod poda autosalona, pretpostavljene debljine 15 cm, nakon uklanjanja poda autosalona, s razbijanjem na manje komade (do 300 kg).
Uključivo odvoz na gradski deponij.
Obračun po m3 kompletno uklonjene ploče.",,,,,
,0.3.1.1.30.a.,,komad,29.51,53,1564.03,
,,,,,,,
,0.3.1.1.31.,"Strojno rušenje (uklanjanje) betonskih podnih ploča autopraonice, pretpostavljene debljine 15 cm, s razbijanjem na manje komade (do 300 kg).
Uključivo odvoz na gradski deponij.
Obračun po m3 kompletno uklonjene ploče.",,,,,
,0.3.1.1.31.a.,,m³,18.54,89,1650.06,
,,,,,,,
,0.3.1.1.32.,"Pažljivo rušenje (uklanjanje) tipskog dimnjaka od predgotovljenih elemenata tipa Schiedel ili sl. u etažama podruma i prizemlja, visine max. 7,5 m. Uključivo uklanjanje svih elemenata dimnjaka i eventualnih veza (metalnih) sa obodnom konstrukcijom (stropovi) i sl.. Dimnjak se ne uklanja u etaži prvog kata i iznad te je potrebno izvesti novo oslanjanje u razini stropa prizemlja prije početka rušenja, obračunato posebno.
Radove na uklanjanju dimnjaka obavezno izvoditi pažljivo. Otpadni materijal treba kontinuirano uklanjati s građevine (bez gomilanja).
U jediničnu cijenu uključeno skela, sav potreban rad, svi transporti, te sortiranje uklonjenog materijala po vrstama otpada i zbrinjavanje.
Obračun po m3 kompletno uklonjenog dimnjaka.",,,,,
,0.3.1.1.32.a.,,m³,3.07,97,297.79,
,,,,,,,
,0.3.1.1.33.,"Strojno rušenje (uklanjanje) armiranobetonskih zidova i podne ploče ukopanih svjetlarnika podrumskih prozora, cementnog estriha i sl., s razbijanjem na manje komade (do 300 kg).
Uključivo odvoz na gradski deponij.
Obračun po m3 kompletno uklonjene ploče.",,,,,
,0.3.1.1.33.a.,,m³,19.93,102.5,2042.825,
,,,,,,,
,0.3.1.1.34.,"Rušenje (uklanjanje) betonskih zidića - sokla autosalona i autopraonice. Uključivo odvoz na gradski deponij.
Obračun po m3 kompletno uklonjenog sokla.",,,,,
,0.3.1.1.34.a.,,m³,1.02,128,130.56,
,,,,,,,
,0.3.1.1.35.,"Rušenje (uklanjanje) betonskih temeljnih traka i temeljnih stopa autosalona i autopraonice. Uključivo odvoz na gradski deponij.
Obračun po m3 kompletno uklonjenih temelja.",,,,,
,0.3.1.1.35.a.,,m³,75.38,95,7161.1,
,,,,,,,
,0.3.1.1.,Djelomično rušenje spojenih objekata (NS02-1.1.2.) UKUPNO:,,,,56715.2006,
,,,,,,,
,0.3.1.,RUŠENJA (NS02-1.1.) UKUPNO:,,,,56715.2006,
,,,,,,,
,0.3.2.,UKLANJANJA (NS02- 1.2.),,,,,
,,,,,,,
,,OPĆI UVJETI,,,,,
,,,,,,,
,,"Izvedba u svemu prema standardnoj tehničkoj specifikaciji prodajnog mjesta Eurospin - NS02 - točka 1.2.

Uklanjanje podova, uključujući podlogu, odrađuje se mehanizacijom ili ručno do nosive konstrukcije.
Uklanjanje obloga od keramike, uključujući i podlogu ukoliko je u lošem stanju, izvodi se mehanizacijom ili ručno.
Uklanjanje spuštenih stropova od gipskartonskih ploča, mineralnovlaknastih ploča, metala, uključuje i nosivu konstrukciju (lamele, profili, ovjesi, klinovi, itd.), te se izvodi mehanički ili ručno za sve visine po potrebi.
Uklanjanje unutarnje i/ili vanjske stolarije uključujući ostakljene dijelove, izvodi se ručno. Uključuje utovar, pakiranje ako je potrebno, prijevoz unutar gradilišta, istovar i prijem na odgovarajuće mjesto. Tamo gdje nije predviđen",,,,,
,,"povrat, bit će uključen utovar, prijevoz do ovlaštenih odlagališta otpada, istovar, troškove odlagališta otpada i sve naknade za izvršenje posla na stručan način u skladu s pravilima struke i važećim zakonodavstvom.
Uklanjanje i zbrinjavanje sanitarne keramike i opreme, uključujući eventualni povrat i odlaganje na odgovarajuće mjesto, izvodi se ručno.
Uključuje i utovar, prijevoz do javnih ovlaštenih odlagališta otpadnih materijala, istovar, zbrinjavanja, troškove odlagališta otpada i sve troškove za izvršenje posla na stručan način u skladu s pravilima struke i važećim zakonodavstvom.",,,,,
,,,,,,,
,0.3.2.1.,"Rušenje (uklanjanje) svih slojeva poda podruma postojeće zgrade do betonske ploče, a koji se sastoje od, pretpostavljeno, cementnog estriha debljine 5,0 cm s epoksi premazom. Uključivo odvoz na gradski deponij.
Obračun po m2 kompletno uklonjenog poda.",,,,,
,0.3.2.1.a.,,m²,62.83,18,1130.94,
,,,,,,,
,0.3.2.2.,"Rušenje (uklanjanje) svih slojeva poda podruma postojeće zgrade do betonske ploče, a koji se sastoje od, pretpostavljeno, cementnog estriha debljine 5,0 cm i završno keramičkih pločica i sl.. Uključivo odvoz na gradski deponij.
Obračun po m2 kompletno uklonjenog poda.",,,,,
,0.3.2.2.a.,,m²,43.26,18,778.68,
,,,,,,,
,0.3.2.3.,Uklanjanje industrijskog epoksidnog poda,,,,,
,,"Uklanjanje završnog sloja poda postojećeg dijela građevine od epoksidne smole dijamantnim brušenjem, radi izvedbe novog završnog sloja poda od keramičkih pločica.
Obračun po m2.",,,,,
,0.3.2.3.a.,,m²,181.28,12,2175.36,
,,,,,,,
,0.3.2.4.,"Rušenje (uklanjanje) svih slojeva poda prizemlja postojeće zgrade do nosive konstrukcije, a koji se sastoje od završne podne obloge (keramičke pločice, kamene ploče, teraco i/ili sl.) u građevinskom ljepilu, cementnog estriha 6,0 cm, Pe folije, te okipora 2,0 cm. Ukupna debljina slojeva 9-12 cm. Uključivo odvoz na gradski deponij.
Obračun po m2 kompletno uklonjenog poda.",,,,,
,0.3.2.4.a.,,m²,90.95,21,1909.95,
,,,,,,,
,0.3.2.5.,"Rušenje (uklanjanje) svih slojeva poda prizemlja postojeće zgrade do nosive konstrukcije, a koji se sastoje od završne podne obloge (laminat i/ili sl.) podložne folije, cementnog estriha 6,0 cm, Pe folije, te okipora 2,0 cm i sokla od kutne letvce. Ukupna debljina slojeva 9-12 cm, pretpostavljeno. Uključivo odvoz na gradski deponij.
Obračun po m2 kompletno uklonjenog poda i m sokla.",,,,,
,0.3.2.5.a.,pod,m²,29.87,21,627.27,
,0.3.2.5.b.,sokl,m,27.09,5,135.45,
,,,,,,762.72,
,,,,,,,
,0.3.2.6.,"Rušenje (uklanjanje) svih slojeva poda prizemlja autosalona do nosive konstrukcije, a koji se sastoje od završne podne obloge (laminat i/ili sl.), podložne folije, cementnog estriha 5,0 cm, PE folije, te okipora 2,0 cm. Uključivo odvoz na gradski deponij.
Obračun po m2 kompletno uklonjenog poda.",,,,,
,0.3.2.6.a.,,m²,196.73,21,4131.33,
,,,,,,,
,0.3.2.7.,"Skidanje (otucavanje) keramičkih pločica sa zidova u podrumu postojeće zgrade, visine do 2,8 m. U cijenu uključeno sortiranje i zbrinjavanje uklonjenog materijala. Obračun po m2 stvarne površine obrađenog zida i/ili stupa i po m1 sokla.",,,,,
,0.3.2.7.a.,zidno opločenje,m²,26.53,11,291.83,
,0.3.2.7.b.,sokl,m,26.16,5.12,133.9392,
,,,,,,425.7692,
,,,,,,,
,0.3.2.8.,"Skidanje (otucavanje) keramičkih pločica sa zidova i stupova u prizemlju i međukatu postojeće zgrade, visine do 2,1 m i sokla. U cijenu uključeno sortiranje i zbrinjavanje uklonjenog materijala. Obračun po m2 stvarne površine obrađenog zida i/ili stupa i m1 sokla.",,,,,
,0.3.2.8.a.,zidno opločenje,m²,21.26,11,233.86,
,0.3.2.8.b.,sokl,m,23.59,5.12,120.7808,
,,,,,,354.6408,
,,,,,,,
,1.3.2.9.,"Skidanje (otucavanje) fasadne žbuke sa zidova, visine do 3,50 m. Prije izvođenja radova izvođač i nadzorni inženjer će označiti zidove koje treba otući i očistiti od ostataka morta.",,,,,
,1.3.2.9.a.,,m²,29.97,11,329.67,
,,,,,,,
,1.3.2.10.,"Skidanje (otucavanje) oštećene i neravne unutarnje žbuke sa zidova, visine do 3,50 m. Prije izvođenja radova izvođač i nadzorni inženjer će označiti zidove koje treba otući i očistiti od ostataka morta. Obračun po m2 stvarne površine obrađenog zida.",,,,,
,1.3.2.10.a.,,m²,10,11,110,
,,,,,,,
,0.3.2.11.,"Demontaža spuštenog stropa od tipskih mineralnovlaknastih ploča, na tipskoj pocinčanoj potkonstrukciji učvršćenoj u ab stropnu ploču, u prizemlju. Ploče su vel. cca 62,5/62,5 cm, sa upuštenim fugama. Uključivo demontaža ugradbenih lampi. Obračun po m2 finalizirane plohe. Ovjes je visine cca 30-50 cm. Visina spuštenog stropa do 3,40 m. Sav otpadni materijal prevesti na deponij bez gomilanja na gradnji. Obračun po m2 kompletno uklonjenog podgleda stropa sa potkonstrukcijom. U cijenu uključeno sortiranje i zbrinjavanje uklonjenog materijala.",,,,,
,0.3.2.11.a.,,m²,33.74,12,404.88,
,,,,,,,
,0.3.2.12.,"Demontaža spuštenog stropa od gipskartonskih ploča, na tipskoj pocinčanoj potkonstrukciji učvršćenoj u ab stropnu ploču i/ili ploča od mineralne vune i sl., u podrumu i prizemlju. Uključivo demontaža ugradbenih lampi, ventilacijskih rešetki i sl. Obračun po m2 finalizirane plohe. Ovjes je visine cca 30-100 cm. Visina spuštenog stropa 2,70-3,40 m. Sav otpadni materijal prevesti na deponij bez gomilanja na gradnji. Obračun po m2 kompletno uklonjenog podgleda stropa sa potkonstrukcijom. U cijenu uključeno sortiranje i zbrinjavanje uklonjenog materijala.",,,,,
,0.3.2.12.a.,,m²,92.6,12,1111.2,
,,,,,,,
,0.3.2.14.,"Demontaža vanjskih punih dvokrilnih vrata od crne bravarije.
Uključivo odvoz na gradski deponij.",,,,,
,0.3.2.14.a.,dvokrilna vrata dim. 165x250 cm,komad,1,95,95,
,,,,,,,
,0.3.2.15.,"Demontaža vanjskih punih jednokrilnih zaokretnih vrata od crne bravarije.
Uključivo odvoz na gradski deponij.",,,,,
,0.3.2.15.a.,jednokrilna vrata dim. 96x226 cm,komad,1,31,31,
,0.3.2.15.b.,jednokrilna vrata dim. 117x210 cm,komad,1,31,31,
,,,,,,62,
,,,,,,,
,0.3.2.16.,"Demontaža vanjskih prozora iz PVC profila s ustakljenjem iz IZO stakla, na postojećoj zgradi, u etažama podruma, prizemlja, međukata i prvog kata.
Uključivo odvoz na gradski deponij.",,,,,
,0.3.2.16.a.,jednokrilni prozor dim. 98x170 cm,komad,1,25.6,25.6,
,0.3.2.16.b.,jednokrilni prozor dim. 100x125 cm,komad,1,25.6,25.6,
,0.3.2.16.c.,jednokrilni prozor dim. 140x55 cm,komad,4,25.6,102.4,
,0.3.2.16.d.,jednokrilni prozor dim. 135x55 cm,komad,1,25.6,25.6,
,0.3.2.16.e.,jednokrilni prozor - žaluzina dim. 135x55 cm,komad,1,25.6,25.6,
,0.3.2.16.f.,jednokrilni prozor dim. 125x55 cm,komad,1,25.6,25.6,
,0.3.2.16.g.,jednokrilni prozor dim. 65x55 cm,komad,1,25.6,25.6,
,0.3.2.16.h.,jednokrilni prozor dim. 50x55 cm,komad,1,25.6,25.6,
,0.3.2.16.i.,fiksni prozor dim. 100x82 cm,komad,1,25.6,25.6,
,0.3.2.16.j.,fiksni prozor dim. 278x135 cm,komad,1,25.6,25.6,
,0.3.2.16.k.,dvodjelni prozor dim. 135x125 cm,komad,1,25.6,25.6,
,0.3.2.16.l.,dvodjelni prozor dim. 158x94 cm,komad,1,25.6,25.6,
,0.3.2.16.m.,dvodjelni prozor dim. 150x60 cm,komad,1,25.6,25.6,
,0.3.2.16.n.,trodjelni prozor dim. 238x94 cm,komad,2,32,64,
,0.3.2.16.o.,trodjelni prozor dim. 290x128 cm,komad,1,35.2,35.2,
,,,,,,508.8,
,,,,,,,
,0.3.2.17.,"Demontaža vanjskih zaokretnih jednokrilnih vratiju iz PVC profila s ustakljenjem iz IZO stakla i nadsvjetlom, dim. 110x267 cm, na postojećoj zgradi, u etaži prizemlja.
Uključivo odvoz na gradski deponij.",,,,,
,0.3.2.17.a.,,komad,1,45,45,
,,,,,,,
,0.3.2.18.,"Demontaža vanjskih ostakljenih višedjelnih stijena iz PVC profila s ustakljenjem iz IZO stakla, sastavljenim od fiksnih i otklopnih polja i zaokretnih ostakljenih vratiju, na postojećoj zgradi, u etaži prizemlja. Uključivo potkonstrukcija, okov, opšav i sl.
Uključivo odvoz na gradski deponij.",,,,,
,0.3.2.18.a.,staklena stijena dim. 463x321 cm,komad,1,256,256,
,0.3.2.18.b.,"staklena stijena sa zaokretnim vratima, dim. 450x321 cm",komad,1,256,256,
,,,,,,512,
,,,,,,,
,0.3.2.19.,"Demontaža svjetlarnika - svjetlosne kupole dim. 100x220 cm na ravnom krovu.
Uključivo okov, opšav, potkonstrukcija, spojna sredstva i sl.
Uključivo odvoz na gradski deponij.",,,,,
,0.3.2.19.a.,,komad,1,128,128,
,,,,,,,
,0.3.2.20.,"Demontaža vanjskih i unutarnjih kamenih, PVC i sl. prozorskih i sl. klupčica.
Uključivo odvoz na gradski deponij.
Obračun po m1.",,,,,
,0.3.2.20.a.,vanjske kamene klupčice,m,42.57,11.52,490.4064,
,0.3.2.20.b.,unutarnje kamene prozorske klupčice,m,14.41,11.52,166.0032,
,0.3.2.20.c.,unutarnje PVC prozorske klupčice,m,6.59,9,59.31,
,,,,,,715.7196,
,,,,,,,
,0.3.2.21.,"Demontaža unutarnjih zaokretnih jednokrilnih vrata s ili bez nadsvjetla, iz crnih profila i limova, komplet s okovom, spojnim sredstvima, opšavima i/ili sl.
Uključivo odvoz na gradski deponij.",,,,,
,0.3.2.21.a.,vrata dim. 120x218 cm,komad,1,25.6,25.6,
,0.3.2.21.b.,vrata dim. 95x218 cm,komad,1,25.6,25.6,
,0.3.2.21.c.,vrata dim. 95x215 cm,komad,1,25.6,25.6,
,0.3.2.21.d.,dvodijelno nadsvjetlo dim.95x83 cm,komad,1,22.4,22.4,
,0.3.2.21.e.,vrata s nadsvjetlom dim. 115x244 cm,komad,1,25.6,25.6,
,0.3.2.21.f.,vrata s nadsvjetlom dim. 122x277 cm,komad,1,25.6,25.6,
,0.3.2.21.g.,vrata s nadsvjetlom dim. 120x287 cm,komad,1,25.6,25.6,
,,,,,,176,
,,,,,,,
,0.3.2.22.,"Demontaža unutarnje stolarije od PVC profila.
Uključivo odvoz na gradski deponij.",,,,,
,0.3.2.22.a.,"jednokrilna ustakljena zaokretna vrata s nadsvjetlom, dim. 125x274 cm",komad,1,32,32,
,0.3.2.22.b.,unutarnji dvodijelni prozor dim. 122x79 cm,komad,1,32,32,
,0.3.2.22.c.,unutarnji jednokrilni prozor dim. 55x80 cm,komad,2,22.4,44.8,
,,,,,,108.8,
,,,,,,,
,0.3.2.23.,"Demontaža unutarnjih zaokretnih jednokrilnih drvenih vrata, s punim zaokretnim krilom.
Uključivo odvoz na gradski deponij.",,,,,
,0.3.2.23.a.,vrata dim. 90x205 cm,komad,1,25.6,25.6,
,0.3.2.23.b.,vrata dim. 75x205 cm,komad,1,25.6,25.6,
,0.3.2.23.c.,vrata dim. 70x205 cm,komad,6,25.6,153.6,
,,,,,,204.8,
,,,,,,,
,0.3.2.24.,"Demontaža kompletne ostakljene aluminijske fasade autosalona, uključivo profili, ostakljena polja, prozori i vrata.
Uključivo odvoz na gradski deponij.
Obračun po m2 kompletno demontirane fasade",,,,,
,0.3.2.24.a.,,m²,199.82,18,3596.76,
,,,,,,,
,0.3.2.25.,"Demontaža kompletne pune fasade autopraonice od trapeznog lima i, uključivo, potkonstrukcije.
Uključivo odvoz na gradski deponij.
Obračun po m2 kompletno demontirane fasade",,,,,
,0.3.2.25.a.,,m²,157.91,10,1579.1,
,,,,,,,
,0.3.2.26.,"Demontaža podgleda konzolnih nadstrešnica od trapeznog i ravnog lima, komplet s opšavima i potkonstrukcijom.
Obračun po m2 podgleda.",,,,,
,0.3.2.26.a.,"nadstrešnica na visini do cca 6,2 m",m²,77.25,10.88,840.48,
,0.3.2.26.b.,"nadstrešnica na visini do cca 4,0 m",komad,29.36,10.88,319.4368,
,0.3.2.26.c.,"nadstrešnica na visini do cca 3,5 m",komad,3.5,10.88,38.08,
,,,,,,1197.9968,
,,,,,,,
,0.3.2.27.,"Demontaža kompletnog dizala za vertikalni transport između etaže podruma i prizemlja sa strojarnicom iznad gornje stanice, uključivo kabina, pogon, konstrukcija, instalacije, strojarnica, dvokrilna vrata na oknu i sl..
Uključivo odvoz na gradski deponij.
Obračun po kompletu",,,,,
,0.3.2.27.a.,,komplet,1,1720,1720,
,,,,,,,
,0.3.2.28.,"Demontaža dijelova, opreme i uređaja postojećeg sustava ventilacije. Uključivo odvoz na gradski deponij.
Obračun po kompletu.",,,,,
,0.3.2.28.a.,,komplet,1,850,850,
,,,,,,,
,0.3.2.29.,"Demontaža instalacija, sanitarne opreme i uređaja vodoopskrbe i odvodnje u postojećoj zgradi, komplet sa svim priključcima, fazonskim komadima, pričvrsnim elementima, spojnim sredstvima i/ili sl. Uključivo odvoz na gradski deponij.
Obračun po komadu stvarno demontiranih instalacija, opreme i uređaja.",,,,,
,0.3.2.29.a.,WC školjka - komplet,komad,6,35,210,
,0.3.2.29.b.,pisoar - komplet,komad,2,35,70,
,0.3.2.29.c.,umivaonik - komplet,komad,6,35,210,
,0.3.2.29.d.,tuš ,komad,3,35,105,
,,,,,,595,
,,,,,,,
,0.3.2.30.,"Demontaža limenih opšava, žlijebova, vertikalnih oluka, sandučastih kotlića, i/ili sl., sa svim fazonskim komadima, pričvrsnim elementima i spojnim sredstvima, komplet s odvozom na gradski deponij.",,,,,
,0.3.2.30.a.,horizontalni sandučasti žlijeb,m,37,5,185,
,0.3.2.30.b.,vertikalna olučna cijev,m,57,5,285,
,0.3.2.30.c.,sandučasti kotlić,komad,7,4,28,
,0.3.2.30.d.,labuđi vrat,komad,3,4,12,
,0.3.2.30.e.,izljevno koljeno,komad,7,4,28,
,0.3.2.30.f.,opšav atike postojeće zgrade,m,83.43,4,333.72,
,,,,,,871.72,
,,,,,,,
,0.3.2.31.,Demontaža strojarskih i elektro instalacija i strojarske opreme s nosačima u postojećem objektu,,,,,
,,Obračun po kompletu,,,,,
,0.3.2.31.a.,,komplet,1,1350,1350,
,,,,,,,
,0.3.2.33.,Demontaža instalacija i opreme s nosačima instalacija dovoda i odvoda vode u postojećem objektu.,,,,,
,,Obračun po kompletu,,,,,
,0.3.2.32.a.,,komplet,1,680,680,
,,,,,,,
,0.3.2.,UKLANJANJA (NS02- 1.2.) UKUPNO:,,,,28621.8364,
,,,,,,,
,0.3.,RUŠENJA I UKLANJANJA (NS02-1.) UKUPNO:,,,,85337.037,
,,,,,,,
,0.,PRIPREMNI RADOVI I RUŠENJA  UKUPNO:,,,,86337.037,
