,,,,,
,STAMBENA ZGRADA,,,,
,,,,,
,1. PRIPREMNI RADOVI,,,,
,,,,,
1.,Dovoz potrebnog materijala i alata na gradilište i izrada nanosne skele za kolčenje objekta na terenu u prirodnoj velčini. Na nanosnu skelu prenijeti sve debljine nosivih zidova i potrebne osi zidova ili drugih konstruktivnih dijelova objekta.,komplet,1,480,480
Dovoz kontejnera na gradilište. Dio kontejnera koristi se kao ured a dio za sitni alat i opremu potrebnu za izvođenje radova.,,kom,1,250,250
3.,Dovoz kemijskog WC-a na gradilište. Isti koristiti do završetka građevinsko-obrtničkih radova.,kom,1,650,650
,,,,,
,PRIPREMNI RADOVI,,UKUPNO:,EURA,1380
,,,,,
,2. ZEMLJANI RADOVI,,,,
,,,,,
1.,Strojno skidanje sloja humusa na površini izgradnje stambene zgrade. Utovar i odvoz materijala na gradilišnu deponiju. Debljina skidanja je cca 20 cm.,m³,35,12,420
2.,"Strojni i ručni iskop temeljnih traka u zemljanom materijalu, utovar i odvoz zemlje na gradilišnu deponiju. Iskop se izvodi 16 cm niže od kote dna temelja, cca 50 cm. Širina iskopa je po 25 cm šira sa obe strane od širine betonskog temelja.",m³,47,18,846
3.,"Nabava, dovoz, nasipanje, planiranje i nabijanje tampona po dnu iskopa temeljnih traka u debljini od 15 cm kao podloge prije betoniranja podložnog betona.",m³,14,22,308
4.,"Nabava, dovoz, nasipanje, planiranje i nabijanje tampona po oko izbetoniranih temeljnih traka u debljini od 25 cm.",m³,12,23,276
5.,"Nabava, dovoz, nasipanje, planiranje i nabijanje tampona  između izbetoniranih temeljnih traka u debljini od 30 cm.",m³,29,20,580
6.,"Nabava, dovoz, nasipanje, planiranje i nabijanje tampona  između izbetoniranih nadtemeljnih zidova u debljini od 18 cm.",m³,22,20,440
7.,"Nabava, dovoz, nasipanje, planiranje i nabijanje tampona  oko objekta na površine gdje se polažu betonski elementi u debljini od 15 cm.",m³,17,19,323
8.,"Dovoz, nasipanje i planiranje čiste zemlje iz iskopa na zelene površine oko objekta.",m³,36,12,432
,,,,,
,ZEMLJANI RADOVI,,UKUPNO:,EURA,3625
,,,,,
,3. BETONSKI I AB RADOVI,,,,
,,,,,
1.,"Nabava materijala, dovoz i betoniranje podložnog betona potrebnog za slaganje armature a prije betoniranja temelja, betonom C15/20, debljine 6 cm. U cijenu uključen kompletan materijal kao i potrebno njegovanje betona.",m³,5.7,130,741
2.,"Nabava materijala, dovoz, montaža daščane glatke daščane oplate i betoniranje armirano betonskih trakastih temelja, betonom C25/30 uz upotrebu vibratora, visine 60 cm. Temelje armirati prema statičkom proračunu i planu armature. Armatura je obračunata u zasebnoj stavci. U cijenu uključen kompletan materijal, montaža oplate, demontaža oplate nakon sušenja, čišćenje i odvoz kao i potrebno njegovanje betona.",m³,33.2,173,5743.6
3.,"Nabava materijala, dovoz, montaža glatke daščane oplate i betoniranje armirano betonskih nadtemeljnih zidova presjeka 25x18 cm, betonom C25/30. Zidove armirati prema statičkom proračunu i planu armature. Armatura je obračunata u zasebnoj stavci. U cijenu uključen kompletan materijal, montaža oplate, demontaža oplate nakon sušenja, čišćenje i odvoz kao i potrebno njegovanje betona.",m³,3.5,190,665
4.,"Nabava materijala, dovoz, montaža rubne glatke daščane oplate i betoniranje armirano betonske podne ploče, debljine 12 cm, betonom C25/30. Ploču armirati prema statičkom proračunu i planu armature. Armatura je obračunata u zasebnoj stavci. U cijenu uključen kompletan materijal, montaža oplate, demontaža oplate nakon sušenja, čišćenje i odvoz kao i potrebno njegovanje betona.",m³,17,198,3366
5.,"Nabava materijala, dovoz, montaža gotovih elemenata oplate (kao Doka) ili glatke daščane oplate i betoniranje armirano betonskih stupova samaca, betonom C25/30. Stupove armirati prema statičkom proračunu i planu armature. Armatura je obračunata u zasebnoj stavci. U cijenu uključen kompletan materijal, montaža oplate, demontaža oplate nakon sušenja, čišćenje i odvoz kao i potrebno njegovanje betona.",m³,0.7,240,168
6.,"Nabava materijala, dovoz, montaža glatke daščane oplate i betoniranje armirano betonskih vertikalnih serklaža, betonom C25/30. Serklaže armirati prema statičkom proračunu i planu armature. Armatura je obračunata u zasebnoj stavci. U cijenu uključen kompletan materijal, montaža oplate, demontaža oplate nakon sušenja, čišćenje i odvoz kao i potrebno njegovanje betona.",m³,3,212,636
7.,"Nabava materijala, dovoz, montaža glatke daščane oplate i betoniranje armirano betonskih horizontalnih serklaža, betonom C25/30. Serklaže armirati prema statičkom proračunu i planu armature. Armatura je obračunata u zasebnoj stavci. U cijenu uključen kompletan materijal, montaža oplate, demontaža oplate nakon sušenja, čišćenje i odvoz kao i potrebno njegovanje betona.",m³,1.7,218,370.6
8.,"Nabava materijala, dovoz, montaža daščane glatke oplate i betoniranje armirano betonskog stubišta van objekta, betonom C25/30, debljina kosih ploča je 15 cm a dimenzije gazišta i čela su 30x15 cm. Stubišta armirati prema statičkom proračunu i planu armature. Armatura je obračunata u zasebnoj stavci. U cijenu uključena demontaža oplate, čišćenje i odvoz kao i potrebno njegovanje betona. ",m³,0.5,450,225
9.,"Nabava materijala, dovoz, montaža trostrne daščane glatke oplate i betoniranje AB greda, betonom C25/30. Grede armirati prema statičkom proračunu i planu armature. Armatura je obračunata u zasebnoj stavci. U cijenu uključena demontaža oplate, čišćenje i odvoz kao i potrebno njegovanje betona. Presjek betona je 25x25 cm.",m³,1,230,230
10.,"Nabava materijala, dovoz, montaža trostrne daščane glatke oplate i betoniranje AB nadvoja, betonom C25/30. Nadvoje armirati prema statičkom proračunu i planu armature. Armatura je obračunata u zasebnoj stavci. U cijenu uključena demontaža oplate, čišćenje i odvoz kao i potrebno njegovanje betona. Presjek betona je 25x29 cm i 25x55 cm.",m³,1.5,228,342
11.,"Nabava materijala, dovoz, montaža daščane glatke oplate i betoniranje armirano betonske ploče iznad prizemlja, betonom C25/30, debljine 15  cm. Podupiranje oplate do 3 metra. AB ploče armirati prema statičkom proračunu i planu armature. Armatura je obračunata u zasebnoj stavci. U cijenu uključena demontaža oplate, čišćenje i odvoz kao i potrebno njegovanje betona.",m³,22,230,5060
12.,"Nabava materijala, dovoz, montaža dvostrane daščane glatke oplate i betoniranje armirano betonskih zidića na ploči iznad 1.kata, betonom C25/30, presjeka 10x20 cm. Zidove armirati prema statičkom proračunu i planu armature. Armatura je obračunata u zasebnoj stavci. U cijenu uključena demontaža oplate, čišćenje i odvoz kao i potrebno njegovanje betona. ",m³,0.1,320,32
13.,"Nabava materijala, dovoz, montaža dvostrane daščane glatke oplate i betoniranje armirano betonskih zidova (atika) na AB ploči iznad prizemlja, betonom C25/30, presjeka 15x90 cm. Zidove armirati prema statičkom proračunu i planu armature. Armatura je obračunata u zasebnoj stavci. U cijenu uključena demontaža oplate, čišćenje i odvoz kao i potrebno njegovanje betona. ",m³,7.1,260,1846
14.,"Nabava materijala, dovoz, montaža rubne glatke daščane oplate i betoniranje armirano betonske podne ploče, (nogostupa), debljine 10 cm, betonom C25/30. Ploču armirati prema statičkom proračunu i planu armature. Armatura je obračunata u zasebnoj stavci. U cijenu uključen kompletan materijal, montaža oplate, demontaža oplate nakon sušenja, čišćenje i odvoz kao i potrebno njegovanje betona.",m³,1.2,198,237.6
,armatura,,,,
15.,"Nabava, dovoz, siječenje, svijanje, vezanje i postavljanje rebraste i mrežaste armature u konstruktivne elemente objekta. U cjenu uključeni potrebni držači rastojanja. PROCJENJENA KOLČINA.",kg,9000,1.5,13500
,,,,,
,BETONSKI I AB RADOVI,,UKUPNO:,EURA,33162.8
,,,,,
,4. ZIDARSKI RADOVI,,,,
,,,,,
1.,"Nabava materijala, dovoz i zidanje nosivih zidova blok opekom kao POROTHERM 25, dim. 250x375x238 cm u produžnom cementnom mortu marke MM-25. U cijenu uključena i pomoćna radna skela za zidanje.",m³,27,180,4860
2.,"Nabava materijala, dovoz i zidanje pregradnih zidova blok opekom kao POROTHERM 10, dim. 100x600x238 cm u produžnom cementnom mortu marke MM-25. U cijenu uključena i pomoćna radna skela za zidanje. U stavku uključeno i zidanje instalacijskih kanala u objektu.",m²,62,32,1984
3.,"Nabava, dovoz i ugradnja tipskih nadvoja na pregradnim zidovima iznad sobnih vrata dužina od 100 do 120 cm. Ugradnja pomoću produžnog morta.",kom,4,26,104
4.,"Nabava materijala, dovoz i strojno žbukanje unutrašnjih zidova vapneno cementnom žbukom kao Rofix 510 uz prethodno špricanje zidova rijetkim cementnim mortom kao Rofix 670 ili premazivanje betonskih površina Beton kontaktom (Baumit). U cijenu uključena i pomoćna radna skela za žbukanje. Debljina žbuke je 2 cm.",m²,325,14,4550
5.,"Nabava materijala, dovoz i strojno žbukanje stropova (AB ploče) vapneno cementnom žbukom kao Rofix 510 uz prethodno špricanje stropova rijetkim cementnim mortom kao Rofix 670 ili premazivanje betonskih površina Beton kontaktom (Baumit). U cijenu uključena i pomoćna radna skela za žbukanje. Debljina žbuke do 1,5 cm.",m²,103,16,1648
6.,"Nabava materijala, dovoz i strojno žbukanje greda u objektu, vapneno cementnom žbukom kao Rofix 510 uz prethodno špricanje stropova rijetkim cementnim mortom kao Rofix 670 ili premazivanje betonskih površina Beton kontaktom (Baumit). U cijenu uključeni potrebni pocinčani profili i pomoćna radna skela za žbukanje. Debljina žbuke do 2 cm.",m²,12,18,216
7.,"Nabava materijala, dovoz i izrada cementnog estriha debljine 5 cm. Estrih fino zagladiti jer se na njega lijepe keramičke pločice. U cijenu uključena i vlakna za vezu.",m²,7.4,12,88.8
8.,"Nabava materijala, dovoz i izrada cementnog estriha debljine 6 cm. Estrih fino zagladiti jer se na njega postavlja laminatni parket. U cijenu uključena i vlakna za vezu.",m²,95.5,13,1241.5
9.,"Nabava materijala, dovoz i izrada cementnog estriha u padu debljine 10 cm na podu ispod natkrivene terase. Estrih fino zagladiti. U cijenu uključena i vlakna za vezu.",m²,21,14,294
10.,"Nabava materijala, dovoz i izrada cementnog estriha u padu debljine 5 cm na ploči 1.kata. Estrih fino zagladiti. U cijenu uključena i vlakna za vezu.",m²,3.7,11,40.7
11.,"Nabava materijala, dovoz i zidanje dimnjaka sa gotovim tvorničkim elementima fi 16 cm.",m′,5,185,925
12.,"Nabava materijala, dovoz i postavljanje ukrasnih betonskih elemenata (kocki) debljine od 6 cm ispod nadstrešnice. Elementi se polažu u mješanu frakciju granulacije od 4 do 8 mm.",m²,4,42,168
13.,"Nabava materijala, dovoz i nasipanje oblutaka na ploču nadstrešnice, granulacije od 16 do 32 mm.",m²,3.7,32,118.4
14.,"Nabava materijala, dovoz i krpljenje šliceva nakon izvedbe instalaterskih radova. Šliceve krpiti u dva sloja cementnim mortom Rofix 620.",komplet,1,250,250
15.,Čišćenje gradilišta tijekom izvođenja radova i još jednom generalno nakon završetka svih građevinsko obrtničkih radova.,komplet,1,300,300
,,,,,
,ZIDARSKI RADOVI,,UKUPNO:,EURA,16788.4
,,,,,
,5. HIDRO I TERMO IZOLACIJSKI RADOVI,,,,
,,,,,
1.,Nabava materijala i izrada hidroizolacije podova prizemlja koja se sastoji od jednog hladnog premaza (kao Resitol) i jednog sloja varenom ljepenkom s uloškom staklene tkanine. Uključena hidroizolacija ispod zidova od opeke.,m²,145,12,1740
2.,"Nabava materijala, dovoz i postavljanje termoizolacijskog sloja na podove prizemlja. Termo izolacija se sastoji od jednog sloja ekspandiranog polistirena (EPS) debljine 3 cm, ekstrudirane polistirenske pjene (XPS) debljine 3 cm i polietilenske folije debljine 0,02 cm. ",m²,103,16,1648
3.,"Nabava materijala, dovoz i izrada hidroizolacije WC-a i kupatila. Hidroizolacija se izvodi nakon sušenja cementnog estriha u dva sloja. Na spoju poda i zida postavlja se hidroizolacijska traka i nanose se dva sloja hidroizolacijskog premaza kao Rofix, Sika, Ceresit. Uključeni i zidovi tuš kabina.",m²,15,28,420
,,,,,
,HIDRO I TERMO IZOLACIJSKI RADOVI,,UKUPNO:,EURA,3808
,,,,,
,6. RADOVI NA RAVNOM KROVU,,,,
,,,,,
1..,"Nabava materijala, dovoz i postavljanje termoizolacijskog sloja kao parne brane. Termoizolacija se sastoji od ekspandiranog polistirena debljine 15 cm i sloja polietilenske folije debljine 0,02 cm.",m²,134,38,5092
2.,"Nabava materijala, dovoz i montaža čelične krovne konstrukcije na AB ploči u padu od 7% i 9%. Konstrukcija se sastoji od kosih nosača dim.60/40/3 mm i vertikalnih stupića dim.40/40/3 mm. Kompletnu konstrukciju obojiti dva put temeljnom bojom i dva puta uljanom bojom. Uključen kompletan pričvrsni materijal i pribor. Obračun po m2 tlocrtne površine.",m²,134,35,4690
3.,"Nabava materijala, dovoz i montaža profiliranih krovnih tabli od čeličnog lima u boji, debljine 0,07 cm koji se pričvršćuje na postojeću čeličnu konstrukciju. Lim po izboru investitora.Uključen kompletan pričvrsni materijal i pribor. Obračun po m2 tlocrtne površine.",m²,134,42,5628
,,,,,
,RADOVI NA RAVNOM KROVU,,UKUPNO:,EURA,15410
,,,,,
,7. LIMARSKI RADOVI,,,,
,,,,,
1.,"Nabava materijala, dovoz i montaža horizontalnog oluka od aluminijskog lima debljine 0,55 mm. Presjek oluka je 20x15 cm. Opšav se postavlja na dio zida atike i pod krovni lim. Uključeni potrebni nosači, pričvrsni materijal i pribor. R.š. cca 70 cm.",m′,25.1,35,878.5
2.,"Nabava materijala, dovoz i montaža ravnog lima iznad horizontalnog oluka do opšava zida atike, od aluminijskog lima debljine 0,55 mm. Širina lima je cca 60 cm. Uključeni potrebni nosači, pričvrsni materijal i pribor. ",m′,25.1,28,702.8
3.,"Nabava materijala, dovoz i montaža bočnih opšava po kosini krova i uz zid atike, od aluminijskog lima debljine 0,55 mm. R.š. cca od 20 do 70 cm.",m′,24,47,1128
4.,"Nabava materijala, dovoz i montaža rigalica (lula) od aluminijskog lima d=0,55 mm. Rigalice postaviti kroz zid atike i spojiti sa vertikalnim olucima.",kom,4,60,240
5.,"Nabava materijala, dovoz i montaža vertikalnih oluka od aluminijskog lima d=0,55 mm. Uključeni potrebni nosači, pričvrsni materijal i pribor. Dim. 8x12 cm.",m′,12,26,312
6.,"Nabava materijala, dovoz i montaža opšava oko dimnjaka iz objekta, od aluminijskog lima d=0,55 mm. Uključeni potrebni nosači, pričvrsni materijal i pribor. Dim. 34x34 cm.",kom,1,82,82
7.,"Nabava materijala, dovoz i montaža opšava oko dimnjaka kamina, od aluminijskog lima d=0,55 mm. Uključeni potrebni nosači, pričvrsni materijal i pribor. Dim. 65x75 cm.",kom,1,125,125
8.,"Nabava materijala, dovoz i montaža opšava na vrhu zida atike, od aluminijskog lima d=0,55 mm. Uključeni potrebni nosači, pričvrsni materijal i pribor. R.š. 36 cm.",m′,38.4,32,1228.8
9.,"Nabava materijala, dovoz i montaža opšava na vrhu zida atike, od aluminijskog lima d=0,55 mm. Uključeni potrebni nosači, pričvrsni materijal i pribor. R.š. 28 cm.",m′,14.5,28,406
,,,,,
,LIMARSKI RADOVI,,UKUPNO:,EURA,5103.1
,,,,,
,8. KERAMIČARSKI RADOVI,,,,
,,,,,
1.,"Nabava materijala, dovoz i postavljanje podnih keramičkih pločica unutar objekta, pomoću fleksibilnog građevinskog ljepila. Keramičke pločice su I.klase. U cijenu uključeno fugiranje keramičkih pločica fuger masom u tonu prema izboru investitora. Pločice se postavljaju pomoću distancera (baze) i pvc kajli.",m²,61,48,2928
2.,"Nabava materijala, dovoz i postavljanje sokla od  keramičkih pločica na sudaru unutarnjih zidova i podova pomoću fleksibilnog građevinskog ljepila. Soklo je od keramičkih pločica I.klase visine do 10 cm. U cijenu uključeno fugiranje keramičkih pločica fuger masom u tonu prema izboru investitora i silikoniziranje spojeva.",m′,48,11,528
3.,"Nabava materijala, dovoz i postavljanje zidnih keramičkih pločica pomoću fleksibilnog građevinskog ljepila. Keramičke pločice su I.klase. Visina oblaganja u kuhinji 150 cm a u kupatilima do vrha zida. U cijenu uključeno fugiranje keramičkih pločica fuger masom u tonu prema izboru investitora i ugradnju potrebnih Al kutnih lajsni.  Pločice se postavljaju pomoću distancera (baze) i pvc kajli.",m²,44.8,50,2240
4.,"Nabava materijala, dovoz i postavljanje podnih keramičkih pločica terase, pomoću fleksibilnog građevinskog ljepila. Keramičke pločice su I.klase. U cijenu uključeno fugiranje keramičkih pločica fuger masom u tonu prema izboru investitora.  Pločice se postavljaju pomoću distancera (baze) i pvc kajli.",m²,20.6,48,988.8
5.,"Nabava materijala, dovoz i postavljanje sokla od  keramičkih pločica na sudaru zidova i podova lođa i terasa pomoću fleksibilnog građevinskog ljepila. Soklo je od keramičkih pločica I.klase visine 10 cm. U cijenu uključeno fugiranje keramičkih pločica fuger masom u tonu prema izboru investitora.",m′,12,11,132
8.,"Nabava materijala, dovoz i oblaganje vanjskog betonskog stubišta sa keramičkim pločicama I.klase. Pločice se postavljaju pomoću cementnog flexsibilnog ljepila. Uključeno fugiranje postavljenih pločica i ugradnju potrebnih kutnih al lajsna. Betonske površine prije postavljanja premazati kvarcnom podlogom kao Unigrund ili Beton kontakt.",m′,10,45,450
9.,"Nabava materijala, dovoz i postavljanje sokla od  keramičkih pločica na sudaru zidova i gazišta i čela na vanjskom stubištu, pomoću fleksibilnog građevinskog ljepila. Soklo je od keramičkih pločica I.klase visine 10 cm. U cijenu uključeno fugiranje keramičkih pločica fuger masom u tonu prema izboru investitora.",m′,1,13,13
,,,,,
,KERAMIČARSKI RADOVI,,UKUPNO:,EURA,7279.8
,,,,,
,9. KAMENOREZAČKI RADOVI,,,,
,,,,,
1.,"Nabava materijala, dovoz i postavljanje unutrašnjih kamenih klupica u cementni mort, debljine 2 cm. Klupice širine do 15 cm. Kamen Brački ili sl. U cijenu uključeno fugiranje i silikoniziranje spojeva.",m′,9.8,36,352.8
2.,"Nabava materijala, dovoz i postavljanje vanjskih kamenih klupica, sa okapnicom, u cementni mort, debljine 3 cm. Klupice širine do 20 cm. Kamen Brački ili sl. U cijenu uključeno fugiranje i silikoniziranje spojeva.",m′,9.8,42,411.6
3.,"Nabava materijala, dovoz i postavljanje unutrašnjih kamenih pragova u cementni mort, debljine 2 cm. Pragovi širine do 15 cm. Kamen Brački ili sl. U cijenu uključeno fugiranje i silikoniziranje spojeva. Pragovi u prostorijama gdje se postavlja laminat.",m′,1.4,34,47.6
4.,"Nabava materijala, dovoz i postavljanje vanjskih kamenih pragova, ipred balkonskih vrata, u cementni mort, debljine 3 cm. Pragovi širine do 20 cm. Kamen Brački ili sl. U cijenu uključeno fugiranje i silikoniziranje spojeva.",m′,5.6,45,252
5.,"Nabava materijala, dovoz i postavljanje kamene poklopnice u cementni mort, debljine 3 cm, sa okapnicom sa obe strane kamena. Kamen Brački ili sl. U cijenu uključeno fugiranje i silikoniziranje spojeva. Zidić na ab ploči iznad nadstrešnice. Dimenzija presjeka kamena je 17x3 cm.",m′,45.8,55,2519
,,,,,
,KAMENOREZAČKI RADOVI,,UKUPNO:,,3583
,,,,,
,10. STOLARSKI RADOVI ,,,,
,,,,,
1.,"Nabava materijala, izrada i montaža jednokrilnih unutrašnjih vrata. Krilo vrata je duplo šperovano hrastovim furnirom i ispunom od presovane iverice kao Iverkol, a štokovi su od masivnog drveta bojeni prema izboru investitora. U cijenu uključeni svi okovi, ručke, štitnici, cilindar brava sa cilindrom i tri ključa i gumene brtve. Izvesti sve prema shemi. Stolarske mjere.",,,,
a),"POZ 1, dim.  70x205 cm;",kom,3,320,960
b),"POZ 2, dim.  90x205 cm;",kom,1,360,360
c),"POZ 3, dim.  80x205 cm; (jedna sa kliznim krilom)",kom,3,340,1020
,,,,,
,STOLARSKI RADOVI,,UKUPNO:,EURA,2340
,,,,,
,11. FASADERSKI I BOJADISERSKI RADOVI,,,,
,,,,,
1.,"Nabava materijala, dovoz i izrada toplinske fasade od stiropora debljine 8 cm. Na očišćene vanjske zidove zalijepiti toplinsku izolaciju debljine 8 cm pomoću odgovarajućeg ljepila kao Rofix 622. Na toplinsku izolaciju nanijeti dva sloja ljepila za izravnavanje stim da se u prvi sloj utisne staklena armaturna mrežica kao Rofix P50. Drugi sloj fino izravnati metalnom gladilicom jer se na njega nanosi sloj završne silikatne žbuke. U cijenu uključen kompletan materijal: toplinski sloj, sokl pocinčani komad, kutni komad za špalete, plastični vijci za pričvršćivanje toplinskog sloja, mrežica, ostali sitni potrošni materijal i pribor i silikatni završni sloj po izboru investitora kao i fasadna aluminijska skela. Sve izvesti prema uputama proizvođača.",m²,195,48,9360
2.,"Nabava materijala, dovoz i nanošenje dva sloja fasadnog ljepila kao Rofix 622 na betonske površine na koje se ne ljepi toplinski sloj. U prvi sloj utisnuti armaturnu mrežicu. U cijenu uključeno i prethodno premazivanje zidova i podgleda balkona kontakt podlogom. Uključen završni sloj od silikatne žbuke i potrebna pomoćna skela.",m²,23.5,24,564
3.,"Nabava materijala, dovoz i nanošenje dva sloja fasadnog ljepila kao Rofix 622 na betonske površine (podgled ploča) na koje se ne ljepi toplinski sloj. U cijenu uključeno i prethodno premazivanje kontakt podlogom. Uključen završni sloj od fasadne boje (tri puta) i potrebna pomoćna skela.",m²,24,30,720
4.,"Nabava materijala, dovoz i bojanje unutrašnjih zidova disperzivnim bojama u tonu po izboru investitora dva puta, kao Jupol, uz prethodno gletanje dva puta, fino brušenje i premazivanje površina kontakt podlogom prije bojanja. U cijenu uključena pomoćna radna skela za bojanje.",m²,280,6.5,1820
5.,"Nabava materijala i bojanje unutrašnjih stropova disperzivnim bojama u tonu po izboru investitora dva puta, kao Jupol, uz prethodno gletanje stropova izravnavajućom masom kao Teranil extra dva puta,  prethodno premazivanje površina kontakt podlogom. U cijenu uključena pomoćna radna skela za bojanje.",m²,103,6.8,700.4
,,,,,
,FASADERSKI I BOJADISERSKI RADOVI,,UKUPNO:,EURA,13164.4
,,,,,
,12. PARKETARSKI RADOVI,,,,
,,,,,
1.,"Nabava materijala, dovoz i postavljanje laminata debljine 10 mm. U cijenu uključeno postavljanje spužvaste folije debljine 3 mm i postavljanje ukrasnih kutnih letvica (cca 38 m1).",m²,42,35,1470
,,,,,
,PARKETARSKI RADOVI,,UKUPNO:,EURA,1470
,,,,,
,13. BRAVARSKI RADOVI,,,,
,,,,,
1.,"Nabava materijala, izrada, dovoz i montaža ulaznih protuprovalnih vrata od PVC peterokomornih profila. U cijenu uključene sve gumene brtve, okovi, kvake, štitnici, cilindar brava sa tri ključa, odbojnik i ostali sitni potrošni materijal i pribor za montažu. Zidarska mjera 100x210 cm. Ispuna vrata od ukrasnog profiliranog termo panela. POZ 1. ",kom,1,1150,1150
2.,"Nabava materijala, izrada i montaža prozora, balkonskih vrata i balkonskih stijena od PVC peterokomornih profila (kao Gealan). U cijenu uključene sve gumene brtve, okovi (kao Roto), kvake, štitnici i ostali sitni potrošni materijal i pribor za montažu kao i IZO staklo na otvorima dim. 4+16+argon+4 mm sa LOW premazom. Na prozorima WC-a i kupatila je jedno mutno (neprozirno) staklo.",,,,
, prozori i vrata;,,,,
a),"POZ 2, dvokrilni prozor s jednim zaokretno/otklopnim krilom, dim.140x140 cm;",kom,3,580,1740
b),"POZ 3, jednokrilni prozor s  zaokretno/otklopnim krilom, dim.60x60 cm; (jedno mutno staklo)",kom,2,350,700
c),"POZ 4, dvokrilni prozor s jednim zaokretno/otklopnim krilom, dim.120x130 cm;",kom,1,530,530
d),"POZ 5, klizna staklena stijena, dim.300x230 cm;",kom,1,1680,1680
e),"POZ 6,  dvokrilni prozor s jednim zaokretno/otklopnim krilom, dim.160x130 cm;",kom,1,660,660
f),"POZ 7, klizna staklena stijena, dim.160x230 cm;",kom,1,780,780
g),"POZ 8,  dvokrilni prozor s jednim zaokretno/otklopnim krilom, dim.100x130 cm;",kom,1,510,510
h),"POZ 9,  jednokrilni prozor s  zaokretno/otklopnim krilom, dim.60x90 cm; (jedno mutno staklo)",kom,1,390,390
,,,,,
,BRAVARSKI RADOVI,,UKUPNO:,EURA,8140
,,,,,
,,,,,
,,,,,
,,,,,
,,,,,
,,,,,
,,,,,
,,,,,
,,,,,
,,,,,
,,,,,
,,,,,
,,,,,
,A. / R E K A P I T U L A C I J A,,,,
,,,,,
1., PRIPREMNI RADOVI,……………………………,,,1380
,,,,,
2., ZEMLJANI RADOVI,……………………………,,,3625
,,,,,
3., BETONSKI I AB RADOVI,……………………………,,,33162.8
,,,,,
4., ZIDARSKI RADOVI,……………………………,,,16788.4
,,,,,
5., HIDRO I TERMO IZOLACIJSKI RADOVI,……………………………,,,3808
,,,,,
6., RADOVI NA RAVNOM KROVU,……………………………,,,15410
,,,,,
7., LIMARSKI RADOVI,……………………………,,,5103.1
,,,,,
8., KERAMIČARSKI RADOVI,……………………………,,,7279.8
,,,,,
9., KAMENOREZAČKI RADOVI,……………………………,,,3583
,,,,,
10., STOLARSKI RADOVI,……………………………,,,2340
,,,,,
11., FASADERSKI I BOJADISERSKI RADOVI,……………………………,,,13164.4
,,,,,
12., PARKETARSKI RADOVI,……………………………,,,1470
,,,,,
13., BRAVARSKI  RADOVI,……………………………,,,8140
,,,,,
,,,UKUPNO:,EURA,115254.5
