,,,,,,,,,,,
Prilog 4- Ugovorni troškovnik- TRIBE INŽENJERING d.o.o.,,,,,,,,,,,
31.03.2025.,,,,,,,,,,,
,,,,,,,,,,,
Kaufland Hrvatska k.d.,,,,,,,,,,,
"Donje svetice 14 10000 Zagreb, Hrvatska",,,,,,,,,,,
Broj telefona: 0994344287,,,,,,,,,,,
,,,,,,,,,,,
Projekt: Osijek-Retfala,,,,,,,,,,,
"Gradilište: Svilajska ul., 31000 Osijek",,,,,,,,,,,
,,,,,,,,,,,
,,,,,,,,,,,
,,,,,,,,,,,
,,Ukupni neto iznos,,,,,438500.16,,#REF!,,
,,Popust,0%,,,,,,#REF!,,
,,Ukupni iznos s popustom,,,,,,,#REF!,,
,,Zakonska stopa PDV-a,0%,,,,,,#REF!,,
,,Ukupni bruto iznos,,,,,,,#REF!,,
,,Gotovinski popust/Rok u danima,0%,0,,,,,#REF!,,
,,Ukupni bruto iznos (s gotovinskim popustom),,,,,,,#REF!,,
,,,,,,,,,,,
,,,,,,,,,,,
Kod,Vrsta,Kratki opis,Dugi opis,Količina,Jedinica,Jedinična cijena,Ukupno,Stopa PDV-a,Ukupni bruto iznos,bidderInputLabels,
,,,,,,,,,,,
302,,Radovi na krovovima,,,,,131018.58,,#REF!,,
302.000,,Prethodne napomene,,,,,0,,0,,
,,ZTV - Dodatni tehnički uvjeti ugovora,"1.) Dodatni ugovoreni tehnički uvjeti dio su troškovnika te u slučaju ugovaranja postaju dio ugovora. Izvođač radova se dakle obavezuje na sve radove i primjene koje proizlaze iz ovih uvjeta te su one uračunate u cijenu, ukoliko nisu zasebno ponuđene.

2.) Cijene stavki se prikazuju kao neto iznos u državnoj valuti. Važeći zakonski propisani porez na dodanu vrijednost obračunava se zasebno.

3.) U slučaju proturječnosti dodatnih ugovorenih tehničkih uvjeta vrijede prvenstveno podaci iz troškovnika. U slučaju proturječnosti između troškovnika i tehničke dokumentacije koja se predaje prilikom natječaja, vrijedi tehnička dokumentacija.

4.) Prije početka davanja ponude, ponuditelj je dužan pažljivo pročitati kompletan tekst općih uvjeta uz troškovnik, općih i posebnih uvjeta uz svaku grupu radova, tekst samog troškovnika i ostale dijelove tehničke dokumentacije. Ako opis bilo koje stavke u troškovniku dovodi do sumnje o načinu izvedbe ili upotrebu gradiva zahtijevane kvalitete, treba prije predaje ponude zatražiti pojašnjenje od ovlaštene osobe Investitora. Naknadno pozivanje na manjkavost ili nepoznavanje projektno-tehničke dokumentacije ili opisa u troškovniku neće se uzeti u obzir, niti smatrati razlogom za produženje roka izvedbe, a niti će se priznati bilo kakva razlika u cijeni s tog naslova.

5.) Tehnička dokumentacija koja se predaje prilikom natječaja informativnog je karaktera, a ponuđač je dužan u svom trošku izvršiti kontrolu projektno tehničke dokumentacije u smislu točnosti, tehničke ispravnosti, izvedivosti i međusobne usklađenosti. Sve eventualne primjedbe ponuditelj/izvoditelj dužan je pravovremeno uz ponudu, a u svakom slučaju prije izvedbe u pisanom obliku dostaviti Nadzoru i Naručitelju

6.) Ponuditelj je dužan provesti i kontrolu lokacije na licu mjesta prije davanja ponude. Jedinične cijene za pojedine vrste radova sadrže i sve one posredne troškove koji nisu iskazani u troškovniku, ali su neminovni za izvršenje radova predviđenih projektom.

7.) Organizacija gradilišta uračunata je u cijenu, ukoliko nije ponuđena kao zasebna stavka.

8.) Dizalice za podizanje, skele, strojevi, alati, pomoćna sredstva i konstrukcije uzeti su u obzir te su uračunati u jediničnu cijenu.

9.) Skele za radove na fasadi i radove na krovu predmet su ovog natječaja. Ponuditelj smije koristiti postojeće skele uz poštivanje sigurnosnih uvjeta i na vlastitu odgovornost. Preinake na skelama nisu dozvoljene te se one moraju predati u ispravnom stanju u kojem su i preuzete.

10.) Kompletnu režiju gradilišta usigurava i rješava ponuditelj/izvođač i i uključena je u jediničnu cijenu.

11.) Ponuditelj je obvezan redovno prikupljati i ,pravilno skladištiti i odvoziti na ovlašteni deponij sve otpadne materijale, ostatke, krhotine, građevinski otpad, ambalaže, obični otpad i slično o vlastitom trošku. Kod odlaganja otpada potrebno je pridržavati se svih javnopravnih uputa i propisa.

12.) Onečišćenja koja uslijed radova nastaju na susjednim terenima, zgradama, putovima, cestama, trgovima i slično, izvođač radova treba svakodnevno čistiti.

13.) Izvođač preuzima odgovornost za osiguravanje, skladištenje i spremanje vlastite građevinske opreme, strojeva, uređaja, alata i slično. Jednako vrijedi i za građevinske materijale, elemente i za ugradnju određenih uređaja i objekata sve do primopredaje obavljenih građevinskih radova.

14.) Prilikom izvođenja radova, izvoditelj treba zaštititi sve susjedne plohe, dijelove konstrukcije i prethodno izvedene radove na prikladan način a u skladu sa pravilima zaštite na radu, tako da ne dođe do oštećenja istih. Troškove zaštite treba izvoditelj ukalkulirati u ponudbenu cijenu izvođenja radova. Ukoliko ipak dođe do oštećenja prethodno izvedenih radova za koje je odgovoran izvoditelj ili njegov kooperant, dužan je iste o svom trošku dovesti u stanje prije oštećenja ili naručiti iste radove kod drugog izvoditelja na svoj teret.

15.) Sve potrebne mjere prema javnopravnim uputama i propisima za sigurnost i zaštitu zdravlja trebaju se uzeti u obzir te ih se treba pridržavati prilikom izvođenja radova.

16.) Prilikom davanja ponude i izvođenja radova treba se uzeti u obzir, uračunati i pridržavati se
- svih državnih i javnopravnih zakona, smjernica i propisa
- svih odgovarajućih tehničkih standarda, pravila i smjernica
- općeprihvaćenih pravila tehnike
- uputa, propisa i napomena proizvođača za ugradnju i obradu
- Kauflandovih građevinskih opisa, ugovorenih uvjeta i ostalih Kauflandovih dokumenata i planova.

17.) Stavke troškovnika obuhvačaju konačno dovršenje radova definiranih po količini i kvaliteti, onosno podrazumijevaju se kao gotove, potpune i funkcionirajuće, uklj. sve potrebne male dijelove i sredstva za pričvršćivanje, pomoćne materijale i sredstva, podkonstrukcije itd., kao i sve dodatne i posebne usluge - čak i kada one nisu detaljno opisane.

18.) Ako su treće stranke uključene u izvođenje predradnji, izvođač radova ih treba provjeravati. U slučaju nepravilnosti ili prigovora pravovremeno treba informirati naručitelja, tako da može tehnički i organizacijski dovršiti poslove.

19.) Obavezno se treba pridržavati svih Kauflandovih proizvodnih uputa, osim ako postoje opravdani razlozi za odstupanje (npr. dostupnost). U tom slučaju izvođač treba ponuditi istovjetni proizvod ili sustav te potvrditi istovjetnost. O njoj odlučuje naručitelj.

20.) Sustavi se izvode isključivo pomoću komponenata koje su predviđene od strane proizvođača sustava.

21.) Svi materijali, građevinski elementi i uređaji koji neposredno utječu na izgled i funkcionalnost prije ugradnje se trebaju provjeriti. Ugrađuju se tek nakon što naručitelj ili ovlaštena osoba odobri ugradnju na gradilištu. O vrsti i obliku uzorka odlučuje naručitelj.

22.) Ako nije drukčije propisano, izmjene postojećih projektnih rješenja od strane ponuditelja/izvođača a koje utječu na mehaničku stabilnost, ponuditelj/izvođač je dužan u svom trošku ishoditi sve suglasnosti, dozvole i sl.
Projekt izvedenog stanja ukalkulirati u jedničnu cijenu te dostaviti Kauflandu u pisanom i digitalnom obliku.

23.) Svi radovi na objektu te primjenjeni sistemi gradnje moraju biti izvedeni prema pravilu struke, odnosnu u granicama dopuštenih tolerancija.

24.) Ukoliko je ugovoreni termin izvršenja objekta uključen i zimski odnosno ljetni period, to se neće posebno izvođaču priznavati na ime naknade za rad pri niskoj temperaturi, zaštita konstrukcija od hladnoće i vrućine, te atmosferskih nepogoda, sve mora biti uključeno u jediničnu cijenu. Za vrijeme zime objekat se mora zaštititi. Svi eventualni smrznuti dijelovi moraju se ukloniti i izvesti ponovo bez bilo kakve naplate. Ukoliko je temperatura niža od temperature pri kojoj je dozvoljen dotični rad, a Investitor ipak traži da se radi, Izvođač si ima pravo zaračunati naknadu po normi 6,006 ali u tom slučaju Izvođač snosi punu odgovornost za ispravnost i kvalitetu rada. To isto vrijedi i za zaštitu radova tokom ljeta od prebrzog sušenja uslijed visoke temperature.

25.) U jediničnu cijenu rada izvođač treba obuhvatiti i slijedeće radove, koji se neće zasebno platiti kao naknadni rad, čak i ako nisu izričito navedenei u troškovniku:
- sve vrste transporta građevinskih materijala, elemenata, uređaja, objekata itd. do mjesta ugradnje
- potrebne i uobičajene pripreme i predobrade tla
- sve vrste bušenja, zavarivanja, lijepljenja, malih dijelova, sredstava za pričvršćivanje, međupoložaja, izolacije, brtvljenja, folija, spojeva itd. koje su potrebne za priključak, montažu i pričvršćivanje građevinskih dijelova i elemenata
- stručna priprema i priključak na sve okolne dijelove, ugradbene i nadgradne elemente i propuste
- sve izrade kutova, spojnih površina i elemenata, završnih elemenata, slobodnih krajeva itd.
- sve podloge za montažu, priključak i pričvršćivanje kao što su beton, zidani elementi, čelik, aluminij, limovi, gips karton, itd.
- potrebne spojne, kose i okrugle rezove te ostatke rezanja
- Izrada otvora i proreza za instalacije i ugradbene elemente drugih izvođača
- interno povezivanje kablovima i priključak objekata, dovod prema električnim trošilima na gradilištu od strane elektro izvođača",,,,,,,,
,,Opseg usluga za krovne radove,"U sljedećim pozicijama potrebno je uzeti u obzir i uračunati sljedeće usluge, čak i ako nisu izričito navedene:
- eventualna oštećenja na površini i / ili slojevima pravilno ukloniti
- Dijelovi lima s pojačanjima do promjera 300 mm ili dimenzija 300/300 mm (bez statičke zamjene)",,,,,,,,
302.010,,Trapezni limovi,,,,,131018.58,,#REF!,,
302.010.00100,,"- dobava trapeznog čeličnog lima [T150], debljina [1,0] mm","Dobava vruće pocinčanog trapeznog čeličnog lima, obostrano plastificiran za ravne krovove nagiba do 3%.

Unutarnja strana: 15 µm poliester, RAL 9010 čisto bijelo
Vanjska strana: 12 µm poliester/RSL, slično RAL 9002 (sivo-bijelo)
Profil: [T150]
Debljina lima: [1,0] mm
Statički sustav: postava na pozitivnu stranu, višepoljni nosač (kroz dva ili više polja) ili kontinuirano",4375,m2,19,83125,0%,#VALUE!,,0
302.010.00105,,"- postava trapeznog čeličnog lima [T150], debljina [1,0] mm","Postava vruće pocinčanog trapeznog čeličnog lima, obostrano plastificiran za ravne krovove nagiba do 3%. U cijenu uključena montaža, spojna sredstva, sav ostali rad i ostali sitni materijal te ostale usluge kako bi se stavka izvela do gotove funkcionalnosti.

Unutarnja strana: 15 µm poliester, RAL 9010 čisto bijelo
Vanjska strana: 12 µm poliester/RSL, slično RAL 9002 (sivo-bijelo)
Profil: [T150]
Debljina lima: [1,0] mm
Statički sustav: postava na pozitivnu stranu, višepoljni nosač (kroz dva ili više polja) ili kontinuirano
Prihvat limova: u prethodno ugrađene tipske šine samoreznim vijcima ili vijcima za beton za krovnu konstrukciju",4375,m2,9,39375,0%,#VALUE!,,0
302.010.00110,,"- kutni lim, veza trapeznog lima i atike na zabatima","Isporučiti i montirati čel. lim vruće pocinčan, uključujući sav potreban materijal za montažu na betonsku konstrukciju. Lim saviti u obliku slova ""L"" profila veličine 350/150 mm. Debljina lima 1 mm. Polaže se uz zabatni krovni nadozid i trapezasti lim za ukrućenje ruba krova.",340,m1,20.1867561856316,6863.5,0%,#VALUE!,,0
302.010.00115,,"- otvori do 0,3 / 0,3 m","Izrada otvora u krovnom trapeznom limu za prolaz instalacija ili građevinskih elemenata. Ojačanje oko izrezanog otvora izvesti od čeličnog pocinčanog plastificiranog lima. Izrezani materijal pravilno zbrinuti. Izvedba do gotove funkcionalnosti uključivo sav rad i materijal.

Boja plastifikacije lima za ojačanje: 12 µm poliester/RSL, slično RAL 9002 (sivo-bijelo)
Dimenzija otvora: do 0,30/0,30 m
Debljina lima za ojačanje: 0,60/0,60 m
Debljina lima: ≥ tN 1.5 x tN (trapezni lim)",30,kom,37.6154590381676,1128.46,0%,#VALUE!,,0
302.010.00120,,"- otvori veći od 0,3 / 0,3 m","Izrada otvora u krovnom trapeznom limu za prolaz instalacija ili građevinskih elemenata. Ojačanje oko izrezanog otvora izvesti iz čeličnih profila definiranih statičkim proračunom. Izrezani materijal pravilno zbrinuti. Izvedba do gotove funkcionalnosti uključivo sav rad i materijal.

Dimenzija otvora: veći [0,30/0,30] m

Čelično ojačanje se obračunava u zasebnoj poziciji.",14,kom,37.6154590381676,526.62,0%,#VALUE!,,0
304.060,,Zaštita od pada,,,,,9230,,#REF!,,
304.060.00100,,"- isporuka i ugradnja zaštitnih sidra kao zaštita od pada, trapezni lim","Dobava i ugradnja zaštitnih sidara kao zaštita od pada s ravnog krova tzv. sekuranata ABS POINT. Točkasta sidra su promjera 16 mm , izrađena od nehrđajučeg čelika , ispitana i u skladu s HRN EN 795. Sidra se montiraju na trapezni lim minimalne debljine 0,88mm. Sidro izvesti minimalno 20cm iznad hidroizolacije.

Visina pada: do [10,0] m
Visina krovne konstrukcije: do 300 mm
Montažna podloga: Trapezni lim",32,kom,145,4640,0%,4640,,0
304.060.00105,,"- isporuka i ugradnja sustava za spašavanje, trapezni lim","Sustav za sigurnosno uže prema DIN EN 795 razred C za pričvršćivanje osobne zaštitne opreme protiv pada, u različitim pojedinačnim dužinama, koji se sastoji od nosača i sustava užeta, nosači izolirani s unutarnje strane, izvedba sukladno montažnoj podlozi, broj i razmak nosača prema potrebi, isporučiti i montirati, uklj. sredstva za pričvršćivanje sukladno montažnoj podlozi, kutne, krajnje i unutarnje nosače, sustav užeta s držačima, bravama, zaobilascima, itd.

Visina pada: do [10,0] m
Visina krovne konstrukcije: do 300 mm
Montažna podloga: Trapezni lim",306,m,15,4590,0%,4590,,0
307,,Fasada,,,,,166477.46,,#REF!,,
307.000,,Prethodne napomene,,,,,0,,0,,
,,ZTV - Dodatni tehnički uvjeti ugovora,"1.) Dodatni ugovoreni tehnički uvjeti dio su troškovnika te u slučaju ugovaranja postaju dio ugovora. Izvođač radova se dakle obavezuje na sve radove i primjene koje proizlaze iz ovih uvjeta te su one uračunate u cijenu, ukoliko nisu zasebno ponuđene.

2.) Cijene stavki se prikazuju kao neto iznos u državnoj valuti. Važeći zakonski propisani porez na dodanu vrijednost obračunava se zasebno.

3.) U slučaju proturječnosti dodatnih ugovorenih tehničkih uvjeta vrijede prvenstveno podaci iz troškovnika. U slučaju proturječnosti između troškovnika i tehničke dokumentacije koja se predaje prilikom natječaja, vrijedi tehnička dokumentacija.

4.) Prije početka davanja ponude, ponuditelj je dužan pažljivo pročitati kompletan tekst općih uvjeta uz troškovnik, općih i posebnih uvjeta uz svaku grupu radova, tekst samog troškovnika i ostale dijelove tehničke dokumentacije. Ako opis bilo koje stavke u troškovniku dovodi do sumnje o načinu izvedbe ili upotrebu gradiva zahtijevane kvalitete, treba prije predaje ponude zatražiti pojašnjenje od ovlaštene osobe Investitora. Naknadno pozivanje na manjkavost ili nepoznavanje projektno-tehničke dokumentacije ili opisa u troškovniku neće se uzeti u obzir, niti smatrati razlogom za produženje roka izvedbe, a niti će se priznati bilo kakva razlika u cijeni s tog naslova.

5.) Tehnička dokumentacija koja se predaje prilikom natječaja informativnog je karaktera, a ponuđač je dužan u svom trošku izvršiti kontrolu projektno tehničke dokumentacije u smislu točnosti, tehničke ispravnosti, izvedivosti i međusobne usklađenosti. Sve eventualne primjedbe ponuditelj/izvoditelj dužan je pravovremeno uz ponudu, a u svakom slučaju prije izvedbe u pisanom obliku dostaviti Nadzoru i Naručitelju

6.) Ponuditelj je dužan provesti i kontrolu lokacije na licu mjesta prije davanja ponude. Jedinične cijene za pojedine vrste radova sadrže i sve one posredne troškove koji nisu iskazani u troškovniku, ali su neminovni za izvršenje radova predviđenih projektom.

7.) Organizacija gradilišta uračunata je u cijenu, ukoliko nije ponuđena kao zasebna stavka.

8.) Dizalice za podizanje, skele, strojevi, alati, pomoćna sredstva i konstrukcije uzeti su u obzir te su uračunati u jediničnu cijenu.

9.) Skele za radove na fasadi i radove na krovu predmet su ovog natječaja. Ponuditelj smije koristiti postojeće skele uz poštivanje sigurnosnih uvjeta i na vlastitu odgovornost. Preinake na skelama nisu dozvoljene te se one moraju predati u ispravnom stanju u kojem su i preuzete.

10.) Kompletnu režiju gradilišta usigurava i rješava ponuditelj/izvođač i i uključena je u jediničnu cijenu.

11.) Ponuditelj je obvezan redovno prikupljati i ,pravilno skladištiti i odvoziti na ovlašteni deponij sve otpadne materijale, ostatke, krhotine, građevinski otpad, ambalaže, obični otpad i slično o vlastitom trošku. Kod odlaganja otpada potrebno je pridržavati se svih javnopravnih uputa i propisa.

12.) Onečišćenja koja uslijed radova nastaju na susjednim terenima, zgradama, putovima, cestama, trgovima i slično, izvođač radova treba svakodnevno čistiti.

13.) Izvođač preuzima odgovornost za osiguravanje, skladištenje i spremanje vlastite građevinske opreme, strojeva, uređaja, alata i slično. Jednako vrijedi i za građevinske materijale, elemente i za ugradnju određenih uređaja i objekata sve do primopredaje obavljenih građevinskih radova.

14.) Prilikom izvođenja radova, izvoditelj treba zaštititi sve susjedne plohe, dijelove konstrukcije i prethodno izvedene radove na prikladan način a u skladu sa pravilima zaštite na radu, tako da ne dođe do oštećenja istih. Troškove zaštite treba izvoditelj ukalkulirati u ponudbenu cijenu izvođenja radova. Ukoliko ipak dođe do oštećenja prethodno izvedenih radova za koje je odgovoran izvoditelj ili njegov kooperant, dužan je iste o svom trošku dovesti u stanje prije oštećenja ili naručiti iste radove kod drugog izvoditelja na svoj teret.

15.) Sve potrebne mjere prema javnopravnim uputama i propisima za sigurnost i zaštitu zdravlja trebaju se uzeti u obzir te ih se treba pridržavati prilikom izvođenja radova.

16.) Prilikom davanja ponude i izvođenja radova treba se uzeti u obzir, uračunati i pridržavati se
- svih državnih i javnopravnih zakona, smjernica i propisa
- svih odgovarajućih tehničkih standarda, pravila i smjernica
- općeprihvaćenih pravila tehnike
- uputa, propisa i napomena proizvođača za ugradnju i obradu
- Kauflandovih građevinskih opisa, ugovorenih uvjeta i ostalih Kauflandovih dokumenata i planova.

17.) Stavke troškovnika obuhvačaju konačno dovršenje radova definiranih po količini i kvaliteti, onosno podrazumijevaju se kao gotove, potpune i funkcionirajuće, uklj. sve potrebne male dijelove i sredstva za pričvršćivanje, pomoćne materijale i sredstva, podkonstrukcije itd., kao i sve dodatne i posebne usluge - čak i kada one nisu detaljno opisane.

18.) Ako su treće stranke uključene u izvođenje predradnji, izvođač radova ih treba provjeravati. U slučaju nepravilnosti ili prigovora pravovremeno treba informirati naručitelja, tako da može tehnički i organizacijski dovršiti poslove.

19.) Obavezno se treba pridržavati svih Kauflandovih proizvodnih uputa, osim ako postoje opravdani razlozi za odstupanje (npr. dostupnost). U tom slučaju izvođač treba ponuditi istovjetni proizvod ili sustav te potvrditi istovjetnost. O njoj odlučuje naručitelj.

20.) Sustavi se izvode isključivo pomoću komponenata koje su predviđene od strane proizvođača sustava.

21.) Svi materijali, građevinski elementi i uređaji koji neposredno utječu na izgled i funkcionalnost prije ugradnje se trebaju provjeriti. Ugrađuju se tek nakon što naručitelj ili ovlaštena osoba odobri ugradnju na gradilištu. O vrsti i obliku uzorka odlučuje naručitelj.

22.) Ako nije drukčije propisano, izmjene postojećih projektnih rješenja od strane ponuditelja/izvođača a koje utječu na mehaničku stabilnost, ponuditelj/izvođač je dužan u svom trošku ishoditi sve suglasnosti, dozvole i sl.
Projekt izvedenog stanja ukalkulirati u jedničnu cijenu te dostaviti Kauflandu u pisanom i digitalnom obliku.

23.) Svi radovi na objektu te primjenjeni sistemi gradnje moraju biti izvedeni prema pravilu struke, odnosnu u granicama dopuštenih tolerancija.

24.) Ukoliko je ugovoreni termin izvršenja objekta uključen i zimski odnosno ljetni period, to se neće posebno izvođaču priznavati na ime naknade za rad pri niskoj temperaturi, zaštita konstrukcija od hladnoće i vrućine, te atmosferskih nepogoda, sve mora biti uključeno u jediničnu cijenu. Za vrijeme zime objekat se mora zaštititi. Svi eventualni smrznuti dijelovi moraju se ukloniti i izvesti ponovo bez bilo kakve naplate. Ukoliko je temperatura niža od temperature pri kojoj je dozvoljen dotični rad, a Investitor ipak traži da se radi, Izvođač si ima pravo zaračunati naknadu po normi 6,006 ali u tom slučaju Izvođač snosi punu odgovornost za ispravnost i kvalitetu rada. To isto vrijedi i za zaštitu radova tokom ljeta od prebrzog sušenja uslijed visoke temperature.

25.) U jediničnu cijenu rada izvođač treba obuhvatiti i slijedeće radove, koji se neće zasebno platiti kao naknadni rad, čak i ako nisu izričito navedenei u troškovniku:
- sve vrste transporta građevinskih materijala, elemenata, uređaja, objekata itd. do mjesta ugradnje
- potrebne i uobičajene pripreme i predobrade tla
- sve vrste bušenja, zavarivanja, lijepljenja, malih dijelova, sredstava za pričvršćivanje, međupoložaja, izolacije, brtvljenja, folija, spojeva itd. koje su potrebne za priključak, montažu i pričvršćivanje građevinskih dijelova i elemenata
- stručna priprema i priključak na sve okolne dijelove, ugradbene i nadgradne elemente i propuste
- sve izrade kutova, spojnih površina i elemenata, završnih elemenata, slobodnih krajeva itd.
- sve podloge za montažu, priključak i pričvršćivanje kao što su beton, zidani elementi, čelik, aluminij, limovi, gips karton, itd.
- potrebne spojne, kose i okrugle rezove te ostatke rezanja
- Izrada otvora i proreza za instalacije i ugradbene elemente drugih izvođača
- interno povezivanje kablovima i priključak objekata, dovod prema električnim trošilima na gradilištu od strane elektro izvođača",,,,,,,,
,,Radovi koje je potrebno obuhvatiti jediničnom cijenom,"U sljedećim pozicijama potrebno je uzeti u obzir i uračunati sljedeće usluge, čak i ako nisu izričito navedene:
- Sredstva za pričvršćivanje od nehrđajućeg čelika
- Trodimenzionalno podesive podkonstrukcije
- obojane limove i pravokutne dijelove za priključke, krajeve i prijelaze
- eventualna oštećenja na površini i / ili slojevima pravilno ukloniti
- potrebna pojačanja uslijed povećanog utjecaja vjetra
- Prihvate za fuge na građevinama i promjene dužina uslijed temperaturnih varijacija
- kontrolirano odvođenje kišnice i kišnice nošene vjetrom
- Jednoliko i ravnomjerno postavljanje fuga i vijaka prema planu ili u dogovoru s naručiteljem",,,,,,,,
307.010,,Fasadni profilirani lim,,,,,0,,0,,
307.020,,Fasadni sendvič paneli,,,,,166477.46,,166477.46,,
,,- Fasadni sendvič elementi-poliuretanska pjena (PIR),"TERMOIZOLACIJSKI FASADNI PANELI
Dobava i postava fasade od sendvić panela dijelom sa jezgrom od poliuretanske pjene (PIR) i dijelom o mineralne vune, debljine 14cm. Izvedba do gotove funkcionalnosti prema detaljima proizvođača i isporučitelja panela. U cijeni sav rad, materijal, spojni pribor, kompletno oblikovanje te skela.
Vanjska strana panela:
• Pokrovni lim s laganim profiliranjem (mikroliniran), prema seriji proizvođača
debljina lima za panel od poliuretanske pjene (PIR) 0,63 mm
debljina lima za panel od mineralne vune 0,63 mm
• Premazivanje bojom: poliesterski premaz, debljina sloja 25 μm
• Ton boje slično RAL 7047/ RAL7016 odn. prema projektno specifičnom dizajnu fasade i uzorku
Unutrašnja strana panela:
• glatki pokrovni limovi
debljina lima za panel od poliuretanske pjene (PIR) 0,40 mm
debljina lima za panel od mineralne vune 0,50 mm
• Premazivanje bojom: poliesterski premaz, ton boje slično RAL 7047 telegrau 4 ili slično RAL 9002 grauweiß odn. prema uzorku

Oblikovani dijelovi
• od porubljenih limova prema planu fasade i smjernicama proizvođača ploče:
• donji završeci fasade s odgovarajućim okapnim profilom, od porubljenih limova
• Bočni završeci fasade oko bravarije (završeci iznad opšava)
• Kutovi i rubovi zgrade
• toplinska izolacija na spojevima
NAPOMENA: Opšavi oko prozora i vrata obrađeni u zasebnoj stavci.
Smjer polaganja: vertikalno
Visina montaže panela od ±0.00 do vrha atike (+10.0)
širina panela 100 cm (sve prema nacrtima)",,,,,,,,
,,- Fasadni sendvič elementi-poliuretanska pjena (PIR)-nastavak stavke 307.020.00100,"Pričvršćenje pri dnu:
Panel se pričvršćuje za ""HALFEN HTU 60/22/3"" šine samoureznim vijcima (3 kom/m').
""HALFEN HTU 60/22/3"" šine iskazane zasebnom stavkom ove grupe radova-ostali betonski i AB radovi i ugrađeni su potporne fasadne zidove po obodu objekta.
U cijenu stavke uključit dvije EPDM trake na spoju sa ab fasadnim parapetnim zidom.
Svi pričvrsni dijelovi kao i limovi (potrebni za izradu ovog detalja) iskazani posebnom stavkom.
Pričvršćenje pri vrhu:
Panel se pričvršćuje za čelične profile 60×80×3 mm (zasebna stavka ove grupe radova (čelična konstrukcija) prethodno pričvršćene za krovne rubne nosače (grede).
Potrebne vijke kao i pločice (za izradu skrivenog spoja) za prijenos sile uključiti u cijeni stavke.
Sva pričvršćenja u svemu prema detaljnim nacrtima i statičkom proračunu.

Učvršćenje nehrđajućim samonareznim brtvenim vijcima iz visokokvalitenog čelika, s navulkaniziranim neoprenskim brtvilom, pričvrsni elementi u istoj boji kao i lim. Ploče postavljene vertikalno, nevidljivo pričvršćene, trake za brtvljenje između ploča. Svi prodori, za vrata, prozore i ventilacijske reške, kao i svi unutrašnji i vanjski uglovi moraju se izvesti s kutnim profilima i tipskim elementima.

U cijenu uključeno: isporuka i ugradnja ugaonih elemenata, detalj vertikalnog spoja, proračun pričvršćenja, detalj prihvata na potporne fasadne zidove po obodu objekta i na AB krovne rubne nosače (grede), detalj kape atike, detalj kuteva, detalj opšivanja otvora vrata, detalj opšivanja otvora prozora, izrada prodora bravarski stavki, prodora rasvjete, sve navedeno sa vanjske, unutarnje i bočne strane.",,,,,,,,
307.020.00110,,- Fasadni sendvič elementi-poliuretanska pjena (PIR)-nastavak stavke 307.020.00100,"Obavezna je primjena svih propisa za montažu od strane proizvođača.
Površine otvora nisu odbijane iz količine, a prodori su uključeni u cijenu.
NAPOMENA: Obrada gornjeg završetka panela (atika), donjeg završetak panela (sokl), tipski elamenati za špalete prozora i vrata tipski elamenati za oblogu kuta fasade, spoj sa objektom tehničkih prostroija i spoj sa alucobond fasadom iskazano posebnom stavkom.
Sve ostale prodore i obrade koje nisu navedene (iskazane posebnom stavkom) uključit u cijenu izrade stavke.
Kod obrade prodora uključiti u stavku opšavne limove u boji fasade (zatvaranje otvora oko prodora + brtvljenje PU pjenom + trajnoelastični kit u boji fasade).

Izvođač je dužan sa davanjem ponude dostaviti traženi uzorak sa pratećim tehničkim listom te potpisanim pismom namjere sa proizvođačem panela da će se ugraditi navedeni panel navedenog proizvođača. Čelična podkonstrukcija nije predmet ove pozicije. Sve izvesti i ponuditi u skladu s opisom gradnje KaBa, općim napomenama i opisu stavke.

PANEL SA JEZGROM OD POLIURETANSKE PJENE (PIR)
Svojstva panela:
koeficijent prolaza topline U=0,161 W/m2k
reakcija na požar B-s1, d0
zvučna izolacija 25dB
gustoća ispune 38kg/m3",1510,m2,69.6869341185474,105227.27,0%,105227.27,,0
307.020.00115,,- Fasadni sendvič elementi-jezgra od mineralne vune,"U svemu kao stavka 307.020.00110 samo:

PANEL SA JEZGROM OD MINERALNE VUNE
Svojstva panela:
koeficijent prolaza topline U=0,34 W/m2k
reakcija na požar A2-s1, d0
zvučna izolacija 31dB
gustoća ispune 140kg/m3",335,m2,72.0304251475815,24130.19,0%,24130.19,,0
307.020.00120,,- Fasadni sendvič elementi-Tipski elamenati za špalete prozora i vrata,"Tipski elamenati za špalete prozora i vrata
Izrada, dobava te postava tipskih elamenata za špalete prozora i vrata, svi opšavni elementi uklopivi sa oblogom od fasadnih panela koji je kao završni sloj pročelja. Elemente za špalete pričvrstiti za panel ili predvidjeti ukoliko je potrebno novu potkonstrukciju oko vrata ili prozora. Učvršćenje nehrđajućim samonareznim brtvenim vijcima iz visokokvalitenog čelika, s navulkaniziranim neoprenskim brtvilom, pričvrsni elementi u istoj boji kao i lim. U cijenu uključena doprema, postava na gradilištu, skela te sav materijal koji je potreban da se stavka izvede do gotove funkcionalnosti. Izvedba elemenata u istoj boji kao što su i paneli na tom dijelu pročelja.
Sve izvesti i ponuditi u skladu s opisom gradnje KaBa, općim napomenama i opisu stavke.",344,m,35,12040,0%,12040,,0
307.020.00125,,- Fasadni sendvič elementi-Tipski elamenati za oblogu kuta fasade,"Tipski elamenati za oblogu kuta fasade
Izrada, dobava te postava tipskih elamenata za oblogu kuta fasade (unutarnji i vanjski) uklopiv sa oblogom od fasadnog panela koji je kao završni sloj pročelja. Elemente kuta pričvrstiti za panel ili predvidjeti ukoliko je potrebno novu potkonstrukciju. Učvršćenje nehrđajućim samonareznim brtvenim vijcima iz visokokvalitenog čelika, s navulkaniziranim neoprenskim brtvilom, pričvrsni elementi u istoj boji kao i lim. U cijenu uključena doprema, postava na gradilištu, skela te sav materijal koji je potreban da se stavka izvede do gotove funkcionalnosti. Izvedba elemenata u istoj boji kao što su i paneli na tom dijelu pročelja.
Sve izvesti i ponuditi u skladu s opisom gradnje KaBa, općim napomenama i opisu stavke.
NAPOMENA: Količinom stavke obuhvaćeni samo vanjski kutni profili.",288,m,35,10080,0%,10080,,0
307.020.00130,,- Fasadni sendvič elementi-Donji završetak panela,"Donji završetak panela
Izrada, dobava te postava donjeg završetka panela:
▪ Postava čeličnog L 100/100/4 profila (naslon panela). Pričvršćuje se u ab potporni fasadni zid pripadajućim tiplama.
▪ Konstruktivni lim - čelični pocinčani d=2,50mm, pričvršćuje se na prethodno opisani čelični profil, okvirna razvijena širina 25 cm, služi za donji prihvat okapnog lima, postavlja se kontinuirano.
▪ Kontinuitet toplinske izolacije sa limenog fasadnog panela na oblogu (XPS) ab fasadnog parapetnog zida osigurati PUR pjenom, ili u slučaju požarnog preskoka od negorive (vatrootpore) pjene.
▪ Okapni lim - čelični pocinčani d=1,5mm, obostrano plastificiran u tonu fasade (konačnu potvrdu tona potrebno ishoditi pismeno od investitora) okvirna razvijena širina 20 cm.
Učvršćenje nehrđajućim samonareznim brtvenim vijcima iz visokokvalitenog čelika, s navulkaniziranim neoprenskim brtvilom, pričvrsni elementi u istoj boji kao i lim. U cijenu uključena doprema, postava na gradilištu, brtvene trake, skela te sav materijal koji je potreban da se stavka izvede do gotove funkcionalnosti. Izvedba elemenata u istoj boji kao što su i paneli na tom dijelu pročelja.
Sve izvesti i ponuditi u skladu s opisom gradnje KaBa, općim napomenama i opisu stavke.",250,m,60,15000,0%,15000,,0
409,,Bravarski posao,,,,,116824.4,,#REF!,,
409.000,,Prethodne napomene,,,,,0,,0,,
,,ZTV - Dodatni tehnički uvjeti ugovora,"1.) Dodatni ugovoreni tehnički uvjeti dio su troškovnika te u slučaju ugovaranja postaju dio ugovora. Izvođač radova se dakle obavezuje na sve radove i primjene koje proizlaze iz ovih uvjeta te su one uračunate u cijenu, ukoliko nisu zasebno ponuđene.

2.) Cijene stavki se prikazuju kao neto iznos u državnoj valuti. Važeći zakonski propisani porez na dodanu vrijednost obračunava se zasebno.

3.) U slučaju proturječnosti dodatnih ugovorenih tehničkih uvjeta vrijede prvenstveno podaci iz troškovnika. U slučaju proturječnosti između troškovnika i tehničke dokumentacije koja se predaje prilikom natječaja, vrijedi tehnička dokumentacija.

4.) Prije početka davanja ponude, ponuditelj je dužan pažljivo pročitati kompletan tekst općih uvjeta uz troškovnik, općih i posebnih uvjeta uz svaku grupu radova, tekst samog troškovnika i ostale dijelove tehničke dokumentacije. Ako opis bilo koje stavke u troškovniku dovodi do sumnje o načinu izvedbe ili upotrebu gradiva zahtijevane kvalitete, treba prije predaje ponude zatražiti pojašnjenje od ovlaštene osobe Investitora. Naknadno pozivanje na manjkavost ili nepoznavanje projektno-tehničke dokumentacije ili opisa u troškovniku neće se uzeti u obzir, niti smatrati razlogom za produženje roka izvedbe, a niti će se priznati bilo kakva razlika u cijeni s tog naslova.

5.) Tehnička dokumentacija koja se predaje prilikom natječaja informativnog je karaktera, a ponuđač je dužan u svom trošku izvršiti kontrolu projektno tehničke dokumentacije u smislu točnosti, tehničke ispravnosti, izvedivosti i međusobne usklađenosti. Sve eventualne primjedbe ponuditelj/izvoditelj dužan je pravovremeno uz ponudu, a u svakom slučaju prije izvedbe u pisanom obliku dostaviti Nadzoru i Naručitelju

6.) Ponuditelj je dužan provesti i kontrolu lokacije na licu mjesta prije davanja ponude. Jedinične cijene za pojedine vrste radova sadrže i sve one posredne troškove koji nisu iskazani u troškovniku, ali su neminovni za izvršenje radova predviđenih projektom.

7.) Organizacija gradilišta uračunata je u cijenu, ukoliko nije ponuđena kao zasebna stavka.

8.) Dizalice za podizanje, skele, strojevi, alati, pomoćna sredstva i konstrukcije uzeti su u obzir te su uračunati u jediničnu cijenu.

9.) Skele za radove na fasadi i radove na krovu predmet su ovog natječaja. Ponuditelj smije koristiti postojeće skele uz poštivanje sigurnosnih uvjeta i na vlastitu odgovornost. Preinake na skelama nisu dozvoljene te se one moraju predati u ispravnom stanju u kojem su i preuzete.

10.) Kompletnu režiju gradilišta usigurava i rješava ponuditelj/izvođač i i uključena je u jediničnu cijenu.

11.) Ponuditelj je obvezan redovno prikupljati i ,pravilno skladištiti i odvoziti na ovlašteni deponij sve otpadne materijale, ostatke, krhotine, građevinski otpad, ambalaže, obični otpad i slično o vlastitom trošku. Kod odlaganja otpada potrebno je pridržavati se svih javnopravnih uputa i propisa.

12.) Onečišćenja koja uslijed radova nastaju na susjednim terenima, zgradama, putovima, cestama, trgovima i slično, izvođač radova treba svakodnevno čistiti.

13.) Izvođač preuzima odgovornost za osiguravanje, skladištenje i spremanje vlastite građevinske opreme, strojeva, uređaja, alata i slično. Jednako vrijedi i za građevinske materijale, elemente i za ugradnju određenih uređaja i objekata sve do primopredaje obavljenih građevinskih radova.

14.) Prilikom izvođenja radova, izvoditelj treba zaštititi sve susjedne plohe, dijelove konstrukcije i prethodno izvedene radove na prikladan način a u skladu sa pravilima zaštite na radu, tako da ne dođe do oštećenja istih. Troškove zaštite treba izvoditelj ukalkulirati u ponudbenu cijenu izvođenja radova. Ukoliko ipak dođe do oštećenja prethodno izvedenih radova za koje je odgovoran izvoditelj ili njegov kooperant, dužan je iste o svom trošku dovesti u stanje prije oštećenja ili naručiti iste radove kod drugog izvoditelja na svoj teret.

15.) Sve potrebne mjere prema javnopravnim uputama i propisima za sigurnost i zaštitu zdravlja trebaju se uzeti u obzir te ih se treba pridržavati prilikom izvođenja radova.

16.) Prilikom davanja ponude i izvođenja radova treba se uzeti u obzir, uračunati i pridržavati se
- svih državnih i javnopravnih zakona, smjernica i propisa
- svih odgovarajućih tehničkih standarda, pravila i smjernica
- općeprihvaćenih pravila tehnike
- uputa, propisa i napomena proizvođača za ugradnju i obradu
- Kauflandovih građevinskih opisa, ugovorenih uvjeta i ostalih Kauflandovih dokumenata i planova.

17.) Stavke troškovnika obuhvačaju konačno dovršenje radova definiranih po količini i kvaliteti, onosno podrazumijevaju se kao gotove, potpune i funkcionirajuće, uklj. sve potrebne male dijelove i sredstva za pričvršćivanje, pomoćne materijale i sredstva, podkonstrukcije itd., kao i sve dodatne i posebne usluge - čak i kada one nisu detaljno opisane.

18.) Ako su treće stranke uključene u izvođenje predradnji, izvođač radova ih treba provjeravati. U slučaju nepravilnosti ili prigovora pravovremeno treba informirati naručitelja, tako da može tehnički i organizacijski dovršiti poslove.

19.) Obavezno se treba pridržavati svih Kauflandovih proizvodnih uputa, osim ako postoje opravdani razlozi za odstupanje (npr. dostupnost). U tom slučaju izvođač treba ponuditi istovjetni proizvod ili sustav te potvrditi istovjetnost. O njoj odlučuje naručitelj.

20.) Sustavi se izvode isključivo pomoću komponenata koje su predviđene od strane proizvođača sustava.

21.) Svi materijali, građevinski elementi i uređaji koji neposredno utječu na izgled i funkcionalnost prije ugradnje se trebaju provjeriti. Ugrađuju se tek nakon što naručitelj ili ovlaštena osoba odobri ugradnju na gradilištu. O vrsti i obliku uzorka odlučuje naručitelj.

22.) Ako nije drukčije propisano, izmjene postojećih projektnih rješenja od strane ponuditelja/izvođača a koje utječu na mehaničku stabilnost, ponuditelj/izvođač je dužan u svom trošku ishoditi sve suglasnosti, dozvole i sl.
Projekt izvedenog stanja ukalkulirati u jedničnu cijenu te dostaviti Kauflandu u pisanom i digitalnom obliku.

23.) Svi radovi na objektu te primjenjeni sistemi gradnje moraju biti izvedeni prema pravilu struke, odnosnu u granicama dopuštenih tolerancija.

24.) Ukoliko je ugovoreni termin izvršenja objekta uključen i zimski odnosno ljetni period, to se neće posebno izvođaču priznavati na ime naknade za rad pri niskoj temperaturi, zaštita konstrukcija od hladnoće i vrućine, te atmosferskih nepogoda, sve mora biti uključeno u jediničnu cijenu. Za vrijeme zime objekat se mora zaštititi. Svi eventualni smrznuti dijelovi moraju se ukloniti i izvesti ponovo bez bilo kakve naplate. Ukoliko je temperatura niža od temperature pri kojoj je dozvoljen dotični rad, a Investitor ipak traži da se radi, Izvođač si ima pravo zaračunati naknadu po normi 6,006 ali u tom slučaju Izvođač snosi punu odgovornost za ispravnost i kvalitetu rada. To isto vrijedi i za zaštitu radova tokom ljeta od prebrzog sušenja uslijed visoke temperature.

25.) U jediničnu cijenu rada izvođač treba obuhvatiti i slijedeće radove, koji se neće zasebno platiti kao naknadni rad, čak i ako nisu izričito navedenei u troškovniku:
- sve vrste transporta građevinskih materijala, elemenata, uređaja, objekata itd. do mjesta ugradnje
- potrebne i uobičajene pripreme i predobrade tla
- sve vrste bušenja, zavarivanja, lijepljenja, malih dijelova, sredstava za pričvršćivanje, međupoložaja, izolacije, brtvljenja, folija, spojeva itd. koje su potrebne za priključak, montažu i pričvršćivanje građevinskih dijelova i elemenata
- stručna priprema i priključak na sve okolne dijelove, ugradbene i nadgradne elemente i propuste
- sve izrade kutova, spojnih površina i elemenata, završnih elemenata, slobodnih krajeva itd.
- sve podloge za montažu, priključak i pričvršćivanje kao što su beton, zidani elementi, čelik, aluminij, limovi, gips karton, itd.
- potrebne spojne, kose i okrugle rezove te ostatke rezanja
- Izrada otvora i proreza za instalacije i ugradbene elemente drugih izvođača
- interno povezivanje kablovima i priključak objekata, dovod prema električnim trošilima na gradilištu od strane elektro izvođača",,,,,,,,
,,Opseg usluga bravarskog posla,"U sljedećim pozicijama potrebno je uzeti u obzir i uračunati sljedeće usluge, čak i ako nisu izričito navedene:
- Mjerenje i niveliranje usluga od zadanih mjernih točaka odnosno osi
- Sve spojne limove, bušene rupe, zavarene spojeve, sitne dijelove, međuslojeve i sredstva za pričvršćivanje, itd., koja su potrebna za montažu i pričvršćivanje čeličnih elemenata.
- sva sredstva za pričvršćivanje su trajno zaštićena od korozije
- eventualna oštećenja na površini i / ili slojevima pravilno ukloniti
- sve spojeve izraditi bez razmaka pomoću neskupljajućeg materijala
- Radove zavarivanja samo uz potvrdu o potrebnim kvalifikacijama za izvođenje radova zavarivanja u visokogradnji prema DIN EN 1090 (potvrda za zavarivanje)
- Grundiranje s debljinom sloja od minimalno 20 µm
- Gotove zavarene šavove spremne za lakiranje
- Planirana nadvišenja
- Izoliranje kontaktnih površina kod moguće kontaktne korozije
- trajno elastične brtve na svim spojnim fugama prema graničnim elementima, uklj. ispunu fuga
- Ograničavanje dubine bušenja u podnim pločama do 14 cm",,,,,,,,
409.010,,Stepenice,,,,,8779,,8779,,
409.010.00100,,"x..ST1, ST4..x - vanjsko čelično stubište, konstrukcija","POZ 201
Isporučiti i montirati čeličnu konstrukciju vanjskih čeličnih stubišta tlocrtnih dimenzija [1,35/3,10] m, visine [1,40] m. Nosači antikorozivno zaštičeni vrućim cinčanjem. Sve kompletno izvedeno i montirano do funkcionalne gotovosti, uključujući sva sredstva za pričvrščivanje, ukrute, pločevine, zavare.

Kvaliteta čelika: S [235]
Stubište se sastoji iz slijedećih elemenata:
[UPN 180]",285,kg,3.85965598488645,1100,0%,#VALUE!,,0
409.010.00105,,"x..ST1, ST4..x - vanjsko čelično stubište, gazišta/podesti","POZ 201
Dobava i postava hodne površine vanjskih stubišta izvedene od protukliznih čeličnih rešetki širine mreže 30/30 mm, nosive šipke 40/3 mm, zavareno u okvir od profilnog čelika, učvršćeno na uzdužne nosače vijčanom izvedbom. Sve antikorozivno zaštićeno vrućim cinčanjem. Sve kompletno izvedeno i montirano do funkcionalne gotovosti, uključujući sva sredstva za pričvrščivanje I ukrute.

dimenzije gazišta: [1,2 / 0,3] m; ukupno [6] kom
dimenzije podesta/međupodesta: [1,2 / 1,2] m; ukupno [1] kom",4,m2,160,640,0%,#VALUE!,,0
409.010.00110,,"x..ST1, ST4..x - vanjsko čelično stubište, ograda","POZ 201
Dobava i postava ograde vanjskih stubišta visine 1,20m iznad obloge izvedene od stupova, ispune oduzdužno postavljenih cijevi.Sve antikorozivno zaštićeno vrućim cinčanjem. Sve kompletno izvedeno i montirano do funkcionalne gotovosti, uključujući sva sredstva za pričvrščivanje I ukrute.

stupovi i rukohvat: Ø48,3 / 3mm;
ispuna: Ø42,4mm / 3mm",4.6,m,140,644,0%,#VALUE!,,0
409.010.00115,,- fiksne ljestve izvana,"POZ 203
Nepomične, vertikalne ljestve od pocinčanog čelika, montirane ispred zida, s gazištima zavarenima za vodilice, s razmakom između gazišta od 250 mm, s ručkama u U-obliku na obje strane na gornjem izlazu, u različitim pojedinačnim dužinama, izraditi, isporučiti i montirati. Svi elementi penjalice (ako i nisu ekspilictno navedeni ili nacrtani u shemi) sukladno važećem Pravilniku o zaštiti na radu na mjestiam rada.
U stavku uključena i vertikalna potkonstrukcija od SHS profila 100x100x3mm, ukupne duljine cca 7m.

Visina ljestvi: do 8,0 m",5.5,m,250,1375,0%,#VALUE!,,0
409.010.00120,,- fiksne ljestve izvana,"POZ 204
Nepomične, vertikalne ljestve od pocinčanog čelika, montirane ispred zida, s gazištima zavarenima za vodilice, s razmakom između gazišta od 250 mm, s ručkama u U-obliku na obje strane na gornjem izlazu, u različitim pojedinačnim dužinama, izraditi, isporučiti i montirati. Svi elementi penjalice (ako i nisu ekspilictno navedeni ili nacrtani u shemi) sukladno važećem Pravilniku o zaštiti na radu na mjestiam rada.

Visina ljestvi: do 8,0 m",4,m,250,1000,0%,#VALUE!,,0
409.010.00125,,- fiksne ljestve izvana,"POZ 205
Nepomične, vertikalne ljestve od pocinčanog čelika, montirane ispred zida, s gazištima zavarenima za vodilice, s razmakom između gazišta od 250 mm, s ručkama u U-obliku na obje strane na gornjem izlazu, u različitim pojedinačnim dužinama, izraditi, isporučiti i montirati. Svi elementi penjalice (ako i nisu ekspilictno navedeni ili nacrtani u shemi) sukladno važećem Pravilniku o zaštiti na radu na mjestiam rada.

Visina ljestvi: do 8,0 m",4,m,250,1000,0%,#VALUE!,,0
409.010.00130,,- fiksne ljestve izvana,"POZ 206
Nepomične, vertikalne ljestve od pocinčanog čelika, montirane između vanjske terase (za odmor zaposlenika) i krovne plohe prizemlja. Izraditi, isporučiti i montirati. Svi elementi (ako i nisu ekspilictno navedeni ili nacrtani u shemi) sukladno važećem Pravilniku o zaštiti na radu na mjestiam rada.",1,kom,1400,1400,0%,#VALUE!,,0
409.010.00140,,- fiksne ljestve izvana,"Nepomične, vertikalne ljestve od pocinčanog čelika, montirane ispred zida, s gazištima upetim u AB zid, s razmakom između gazišta od 250 mm, izraditi, isporučiti i montirati. Svi elementi penjalice (ako i nisu ekspilictno navedeni ili nacrtani u shemi) sukladno važećem Pravilniku o zaštiti na radu na mjestiam rada.
Mjesto ugradnje - ulaz i sprinkler bazen i strojarnicu sprinkler bazena.

Visina ljestvi: do 8,0 m",7,m,150,1050,0%,#VALUE!,,0
409.010.00145,,"- Doplata za ljestve, kavez za zaštitu leđa","Doplata za gore Navedene ljestve, za izvedbu s leđobranom kao zaštitni sustav.",3,m,130,390,0%,#VALUE!,,0
409.010.00150,,"- Doplata za fiksne ljestve, pristupna brava","Doplata za gore Navedene ljestve, za izvedbu prilaza s mogućnošću zatvaranja, pripremljenog za profilni cilindar.",1,kom,180,180,0%,#VALUE!,,0
409.020,,Platforme za krovne uređaje,,,,,23622.47,,23622.47,,
409.020.00100,,"x..TU1+TU3..x - platforma kondenzatora, konstrukcija","POZ 310+305
POZ 310
Isporučiti i montirati čeličnu konstrukciju kondenzatora tlocrtnih dimenzija [3,05/6,90] m, visine [1,00] m mjereno od završne kote krova. Nosači antikorozivno zaštičeni vrućim cinčanjem. Sve kompletno izvedeno i montirano do funkcionalne gotovosti, uključujući sva sredstva za pričvrščivanje, ukrute, pločevine, zavare.

Kvaliteta čelika: S [235]
Čelična konstrukcija se sastoji od slijedečih elemenata:
[SHS 150x150x5mm]
[HEA 140]
[IPE 140]
[Ø101x5mm]
Stubište na platformu:
[UPN 180]
[Ø50x3,6mm]

POZ 305
Isporučiti i montirati čeličnu konstrukciju dizalice topline tlocrtnih dimenzija [3,00/5,15] m, visine [1,00] m mjereno od završne kote krova. Nosači antikorozivno zaštičeni vrućim cinčanjem. Sve kompletno izvedeno i montirano do funkcionalne gotovosti, uključujući sva sredstva za pričvrščivanje, ukrute, pločevine, zavare.

Kvaliteta čelika: S [235]
Čelična konstrukcija se sastoji od slijedečih elemenata:
[SHS 150x150x5mm]
[HEA 140]
[IPE 140]
[Ø101x5mm]
Stubište na platformu:
[UPN 180]
[Ø50x3,6mm]

Stavka uključuje i krovnu kućicu za proboj instalacija koja se nalazi ispod platforme (izvesti prema detalju).",2748,kg,3.64383179188255,10013.25,0%,#VALUE!,,0
409.020.00105,,"x..TU1+TU3..x - platforma kondenzatora, hodna površina","POZ 310+305
Dobava i postava hodne površine kondenzatora (uključivo i pristupno stubište) izvedene od protukliznih čeličnih rešetki širine mreže 30/30 mm, nosive šipke 40/3 mm, zavareno u okvir od profilnog čelika, učvršćeno na uzdužne nosače vijčanom izvedbom. Sve antikorozivno zaštičeno vrućim cinčanjem. Sve kompletno izvedeno i montirano do funkcionalne gotovosti, uključujući sva sredstva za pričvrščivanje I ukrute.",36,m2,160,5760,0%,#VALUE!,,0
409.020.00110,,"x..TU2..x - platforma HOWAL uređaja, konstrukcija","POZ 301
Isporučiti i montirati nosivu vruće cinčanu čeličnu potkonstrukciju ventilacijskih uređaja HOWAL. Nosači antikorozivno zaštičeni vrućim cinčanjem. Sve kompletno izvedeno i montirano do funkcionalne gotovosti, uključujući sva sredstva za pričvrščivanje, ukrute, pločevine, zavare.

Kvaliteta čelika: S [235]
Čelična konstrukcija se sastoji od slijedečih elemenata:
[SHS 100x100x5mm]
[SHS 60x60x3mm]",345,kg,3.36775667833172,1161.88,0%,#VALUE!,,0
409.020.00115,,"x..TU2..x - platforma HOWAL uređaja, konstrukcija","POZ 302
Isporučiti i montirati nosivu vruće cinčanu čeličnu potkonstrukciju ventilacijskih uređaja HOWAL. Nosači antikorozivno zaštičeni vrućim cinčanjem. Sve kompletno izvedeno i montirano do funkcionalne gotovosti, uključujući sva sredstva za pričvrščivanje, ukrute, pločevine, zavare.

Kvaliteta čelika: S [235]
Čelična konstrukcija se sastoji od slijedečih elemenata:
[SHS 100x100x5mm]",280,kg,3.64383179188255,1020.27,0%,#VALUE!,,0
409.020.00120,,"x..TU2..x - platforma HOWAL uređaja, konstrukcija","POZ 303
Isporučiti i montirati nosivu vruće cinčanu čeličnu potkonstrukciju ventilacijskih uređaja HOWAL. Nosači antikorozivno zaštičeni vrućim cinčanjem. Sve kompletno izvedeno i montirano do funkcionalne gotovosti, uključujući sva sredstva za pričvrščivanje, ukrute, pločevine, zavare.

Kvaliteta čelika: S [235]
Čelična konstrukcija se sastoji od slijedečih elemenata:
[SHS 100x100x5mm]
[SHS 60x60x3mm]",345,kg,3.64383179188255,1257.12,0%,#VALUE!,,0
409.020.00125,,"x..TU2..x - platforma HOWAL uređaja, konstrukcija","POZ 304
Isporučiti i montirati nosivu vruće cinčanu čeličnu potkonstrukciju ventilacijskih uređaja HOWAL. Nosači antikorozivno zaštičeni vrućim cinčanjem. Sve kompletno izvedeno i montirano do funkcionalne gotovosti, uključujući sva sredstva za pričvrščivanje, ukrute, pločevine, zavare.

Kvaliteta čelika: S [235]
Čelična konstrukcija se sastoji od slijedečih elemenata:
[SHS 100x100x5mm]",280,kg,3.64383179188255,1020.27,0%,#VALUE!,,0
409.020.00140,,"x..TU3..x - platforma dizalice topline, konstrukcija","POZ 306
Isporučiti i montirati čeličnu konstrukciju dizalice topline tlocrtnih dimenzija [0,80/1,20] m, visine [0,3] m mjereno od završne kote krova. Nosači antikorozivno zaštičeni vrućim cinčanjem. Sve kompletno izvedeno i montirano do funkcionalne gotovosti, uključujući sva sredstva za pričvrščivanje, ukrute, pločevine, zavare.

Kvaliteta čelika: S [235]
[SHS 60x60x3,2mm]
[UPE 140]",210,kg,3.64383179188255,765.2,0%,#VALUE!,,0
409.020.00150,,"x..TU3..x - platforma dizalice topline, konstrukcija","POZ 307
Isporučiti i montirati čeličnu konstrukciju dizalice topline tlocrtnih dimenzija [0,80/1,20] m, visine [0,3] m mjereno od završne kote krova. Nosači antikorozivno zaštičeni vrućim cinčanjem. Sve kompletno izvedeno i montirano do funkcionalne gotovosti, uključujući sva sredstva za pričvrščivanje, ukrute, pločevine, zavare.

Kvaliteta čelika: S [235]
[SHS 60x60x3,2mm]
[UPE 140]",95,kg,3.64,345.8,0%,#VALUE!,,0
409.020.00160,,"x..TU3..x - platforma dizalice topline, konstrukcija","POZ 308
Isporučiti i montirati čeličnu konstrukciju dizalice topline tlocrtnih dimenzija [0,80/3,15] m, visine [0,3] m mjereno od završne kote krova. Nosači antikorozivno zaštičeni vrućim cinčanjem. Sve kompletno izvedeno i montirano do funkcionalne gotovosti, uključujući sva sredstva za pričvrščivanje, ukrute, pločevine, zavare.

Kvaliteta čelika: S [235]
[SHS 60x60x3,2mm]
[UPE 140]",95,kg,3.64383179188255,346.16,0%,#VALUE!,,0
409.020.00170,,"x..TU3..x - platforma dizalice topline, konstrukcija","POZ 309
Isporučiti i montirati čeličnu konstrukciju dizalice topline tlocrtnih dimenzija [0,80/3,7] m, visine [0,3] m mjereno od završne kote krova. Nosači antikorozivno zaštičeni vrućim cinčanjem. Sve kompletno izvedeno i montirano do funkcionalne gotovosti, uključujući sva sredstva za pričvrščivanje, ukrute, pločevine, zavare.

Kvaliteta čelika: S [235]
[SHS 60x60x3,2mm]
[UPE 140]",210,kg,3.64,764.4,0%,#VALUE!,,0
409.020.00180,,"x..TU3..x - platforma dizalice topline, hodna površina","POZ 311
Dobava i postava hodne površine dizalice topline (uključivo i pristupno stubište) izvedene od protukliznih čeličnih rešetki širine mreže 30/30 mm, nosive šipke 40/3 mm, zavareno u okvir od profilnog čelika. Ugradnja okvira od L profila za nošenje rešetke uključeno u stavku. Sve antikorozivno zaštičeno vrućim cinčanjem. Sve kompletno izvedeno i montirano do funkcionalne gotovosti, uključujući sva sredstva za pričvrščivanje I ukrute.",0.65,m2,200,130,0%,#VALUE!,,0
409.020.00185,,"x..TU3..x - platforma dizalice topline, konstrukcija","POZ 312
Isporučiti i montirati čeličnu konstrukciju dizalice topline tlocrtnih dimenzija [0,80/1,20] m, visine [0,3] m mjereno od završne kote krova. Nosači antikorozivno zaštičeni vrućim cinčanjem. Sve kompletno izvedeno i montirano do funkcionalne gotovosti, uključujući sva sredstva za pričvrščivanje, ukrute, pločevine, zavare.

Kvaliteta čelika: S [235]
[SHS 60x60x3,2mm]
[UPE 140]",95,kg,3.64,345.8,0%,#VALUE!,,0
409.020.00195,,"x..TU3..x - platforma dizalice topline, konstrukcija","POZ 313
Isporučiti i montirati čeličnu konstrukciju dizalice topline tlocrtnih dimenzija [0,80/1,20] m, visine [0,3] m mjereno od završne kote krova. Nosači antikorozivno zaštičeni vrućim cinčanjem. Sve kompletno izvedeno i montirano do funkcionalne gotovosti, uključujući sva sredstva za pričvrščivanje, ukrute, pločevine, zavare.

Kvaliteta čelika: S [235]
[SHS 60x60x3,2mm]
[UPE 140]",95,kg,3.64383179188255,346.16,0%,#VALUE!,,0
409.020.00205,,"x..TU3..x - platforma dizalice topline, konstrukcija","POZ 314
Isporučiti i montirati čeličnu konstrukciju dizalice topline tlocrtnih dimenzija [0,80/1,20] m, visine [0,3] m mjereno od završne kote krova. Nosači antikorozivno zaštičeni vrućim cinčanjem. Sve kompletno izvedeno i montirano do funkcionalne gotovosti, uključujući sva sredstva za pričvrščivanje, ukrute, pločevine, zavare.

Kvaliteta čelika: S [235]
[SHS 60x60x3,2mm]
[UPE 140]",95,kg,3.64383179188255,346.16,0%,#VALUE!,,0
409.030,,Ograde i rukohvati,,,,,2147,,2147,,
409.030.00100,,x..IG1..x - ograda na betonskom stubištu,"POZ 208
Izraditi i montirati čeličnu ogradu na betonskom stubištu. Izvedba do gotove funkcionalnosti sa svim spojnim sredstvima, pločevinama.

Visina ograde: Visina ograde prema državnim propisima, ali ne manja od 1,0 m iznad podloge
Konstrukcija ograde: Okvir ograde od čeličnih cijevi sa zavarenim okruglim lukovima, promjera ca. 38 mm, s vertikalnim ispunama od okruglog čelika, promjera 12 mm, s razmakom od 110 mm između šipki, sa stupovima od čeličnih cijevi, promjera ca. 38 mm, s poklopcem i priključnom pločom, pričvršćen za bočnu stranu stepenica pomoću tipli, s grundiranom površinom
Rukohvat: od cijevi od nehrđajućeg čelika, s brušenom (granulacija 240) i četkanom površinom, promjera ca. 44 mm, sa zavarenim i brušenim spojevima, pričvršćenjem na bočnoj strani ograde pomoću kutnih elemenata od okruglih cijevi od nehrđajućeg čelika, s visinom rukohvata 0,85 m iznad podloge, kontinuiran bez prekida, s obrađenim krajevima, s opipljivim oznakama/natpisima naziva etaže
Boja ograde: temeljni premaz sa završnim slojem laka na bazi umjetne smole RAL 7016.",11.3,m,190,2147,0%,2147,,0
409.040,,Nadstrešnice,,,,,0,,0,,
409.050,,Zaštita od udara,,,,,9452.43,,9452.43,,
409.050.00100,,x..RS7..x - čelični kut za zaštitu od udara,"Čelični kutni element, s profilom L80/80/6 mm, zaobljenim kutovima, pocninčan, u pojedinačnim dužinama od 2,0 m, kao zaštitu rubova za zidove i potpornje od zidanih elemenata ili armiranog betona, izraditi, isporučiti i pričvrstiti vijcima s upuštenom glavom.",28,m,40,1120,0%,#VALUE!,,0
409.050.00105,,"x..RS10..x - zaštitni stup za zaštitu od udaraca, pocinčani,","Stup od okrugle cijevi, promjera ca. 101 mm, debljine 5 mm, s ispupčenom gornjom pločom, od pocinčanog čelika, kao zaštitu od udaraca, izraditi, isporučiti i montirati.

Visina: 900 mm iznad gotovog poda
Pričvršćivanje: Usidravanje u grubi pod bušenjem cilindričnih rupa, dubine ca. 150 - 200 mm. Spoj stupa i poda fugirati trajnoelastičnom masom svjetlosive boje.",17,kom,75,1275,0%,#VALUE!,,0
409.050.00110,,"x..RS10, ..x - Stup za zaštitu od udaraca, pocinčani, sidreno pričvršćivanje, završni pod","Stup od okrugle cijevi, promjera ca. 101 mm, debljine 5 mm, s ispupčenom gornjom pločom, od pocinčanog čelika, kao zaštitu od udaraca, izraditi, isporučiti i montirati.

Visina: 900 mm iznad gotovog poda
Pričvršćivanje: Usidravanje na gotovi pod pomoću zavarenog postolja, promjera 200 mm, debljine ca. 10 mm, sa sidrima i M12 vijcima s upuštenim glavama.",1,kom,80,80,0%,#VALUE!,,0
409.050.00115,,"x..RS10..x - zaštitni nosač protiv udaraca, nehrđajući čelik, čvrsta montaža","Stup od okrugle cijevi, promjera ca. 101 mm, debljine 5 mm, s ispupčenom gornjom pločom, od nehrđajućeg čelika, s brušenom (granulacija 240) površinom, kao zaštitu od udaraca, izraditi, isporučiti i montirati.

Visina: 900 mm iznad gotovog poda
Pričvršćivanje: Usidravanje u grubi pod bušenjem cilindričnih rupa, dubine ca. 150 - 200 mm. Spoj stupa i poda fugirati trajnoelastičnom masom svjetlosive boje.",6,kom,190,1140,0%,#VALUE!,,0
409.050.00120,,"x..RS16..x - nosivi zaštitni nosač, duljina 1,6 m, čvrsto učvršćenje","Stremen od okruglih cijevi, promjera ca. 108 mm, debljine 4 mm, od pocinčanog čelika, kao zaštitu od udaraca, izraditi, isporučiti i montirati.

Dužina: 1,6 m
Visina: 0,4 m iznad gotovog poda
Pričvršćivanje: Usidravanje u grubi pod bušenjem cilindričnih rupa, dubine ca. 150 - 200 mm. Spoj stupa i poda fugirati trajnoelastičnom masom svjetlosive boje.",3,kom,180,540,0%,#VALUE!,,0
409.050.00125,,"x..RS21..x - Zaštita vrata o cjevastog okvira, dimenzija 2,2 / 2,5 m","Cijevni okvir, od kvadratnih šupljih profila 100/100/4 mm, s priključcima na zid, pločama za pričvršćivanje i nošenje 200/200/6 mm, s držačem za magnete, od čelika, s grundiranom površinom, s pričvršćivanjem pomoću spojnog sidra i M12 vijaka s upuštenim glavama, kao zaštitu od udaraca, izraditi, isporučiti i montirati.

Dimenzije širine/visine: ca. 2,2/2,5 m, prilagođeno za svijetli prolaz kroz vrata, obuhvatno ca. 5 cm manje
Razmak od zida: do ca. 1,2 m",4,kom,680,2720,0%,#VALUE!,,0
409.050.00130,,x..MA5..x - stup od okrugle cijevi,"Stup od okrugle cijevi, promjera ca. 180-200 mm, debljine 2 mm, s družinom ca. 1.200 mm, sa zatvorenom gornjom pločom, od čelika, s pocinčanom površinom, s unutarnje strane ispunjen betonom, kao zaštitu od udaraca, izraditi, isporučiti i montirati.

Visina: 0,8 m iznad gotovog poda, dubina spajanja 0,4 m
Pričvršćivanje: betonirano i pomoću poprečnog trna usidreno u temelj na gradilištu",12,kom,135,1620,0%,#VALUE!,,0
409.050.00135,,"- Zaštita hidranata  od cjevastog okvira, dimenzija Ø40mm","Cijevni okvir, od kvadratnih šupljih profila Ø40 mm, stijenka 4mm, s priključcima na zid, , od čelika, s grundiranom površinom, s pričvršćivanjem pomoću spojnog sidra i M12 vijaka s upuštenim glavama, kao zaštitu od udaraca, izraditi, isporučiti i montirati.

Dimenzije širine/visine: Ø40 mm, stijenka 4mm
Boja: uzorak crno-žute kose crte kao znak upozorenja",25,m,38.2971037810716,957.43,0%,#VALUE!,,0
409.060,,Prozorske rešetke,,,,,900,,900,,
409.060.00100,,"x..FGI1..x - rešetkasti elementi prozora, dimenzije 2,73  / 1,3 m","POZ B50
Prozorska rešetka od kvadratnih okvira 40/40/4 mm, s unutarnjom rešetkom od okruglog čelika, promjera 12 mm, s horizontalnim razmakom od 100 mm između šipki i vertikalnim razmakom od 200 mm, sidro prekriveno pričvršćeno pomoću injekcijskih tipli, maks. razmak između sidara 500 mm, s vruće pocinčanim čeličnim dijelovima i elementima za pričvršćivanje, izraditi, isporučiti i montirati. njakon vrućeg cinčanja, lakirati u tonu po izboru investitora.

Dimenzije širine/visine: ca. 2,73/1,3 m, prilagođeno visini prozora",1,kom,450,450,0%,450,,0
409.060.00105,,"x..FGI1..x - rešetkasti elementi prozora, dimenzije 1,46  / 1,77 m","POZ B51
Prozorska rešetka od kvadratnih okvira 40/40/4 mm, s unutarnjom rešetkom od okruglog čelika, promjera 12 mm, s horizontalnim razmakom od 100 mm između šipki i vertikalnim razmakom od 200 mm, sidro prekriveno pričvršćeno pomoću injekcijskih tipli, maks. razmak između sidara 500 mm, s vruće pocinčanim čeličnim dijelovima i elementima za pričvršćivanje, izraditi, isporučiti i montirati. njakon vrućeg cinčanja, lakirati u tonu po izboru investitora.

Dimenzije širine/visine: ca. 1,47 / 1,77 m, prilagođeno visini prozora",1,kom,450,450,0%,450,,0
409.070,,Podkonstrukcije,,,,,71923.5,,71923.5,,
409.070.00100,,"- čelična konstrukcija, premazana bojom","POZ 401
Nosače od profilnog čelika, u različitim pojedinačnim dužinama, položene u ravnini trapeznih limova kao podkonstrukcija ili za vješanje konstrukcija na gradilištu, uklj. gornje ploče, potpornje, prirubnice, bušene rupe, zavarene spojeve, sredstva za pričvršćivanje i spajanje izraditi, isporučiti i montirati.

Građevinski čelik: S235 prema EN 10025
Površina: grundirana i obojana

Boja: sukladno Kauflandovoj paleti boja",410,kg,3.3,1353,0%,#VALUE!,,0
409.070.00105,,"- čelična konstrukcija, premazana bojom","POZ 402
Nosače od profilnog čelika, u različitim pojedinačnim dužinama, položene u ravnini trapeznih limova kao podkonstrukcija ili za vješanje konstrukcija na gradilištu, uklj. gornje ploče, potpornje, prirubnice, bušene rupe, zavarene spojeve, sredstva za pričvršćivanje i spajanje izraditi, isporučiti i montirati.

Građevinski čelik: S235 prema EN 10025
Površina: grundirana i obojana

Boja: sukladno Kauflandovoj paleti boja",1735,kg,3.3,5725.5,0%,#VALUE!,,0
409.070.00110,,"- čelična konstrukcija, premazana bojom","POZ 403
Nosače od profilnog čelika, u različitim pojedinačnim dužinama i presjecima, položene u ravnini trapeznih limova kao podkonstrukcija ili za vješanje konstrukcija na gradilištu, uklj. gornje ploče, potpornje, prirubnice, bušene rupe, zavarene spojeve, sredstva za pričvršćivanje i spajanje izraditi, isporučiti i montirati.

Građevinski čelik: S235 prema EN 10025
Površina: grundirana i obojana

Boja: sukladno Kauflandovoj paleti boja",630,kg,3.3,2079,0%,#VALUE!,,0
409.070.00115,,"- čelična konstrukcija, premazana bojom","POZ 404
Nosače od profilnog čelika, u različitim pojedinačnim dužinama i presjecima, položene u ravnini trapeznih limova kao podkonstrukcija ili za vješanje konstrukcija na gradilištu, uklj. gornje ploče, potpornje, prirubnice, bušene rupe, zavarene spojeve, sredstva za pričvršćivanje i spajanje izraditi, isporučiti i montirati.

Građevinski čelik: S235 prema EN 10025
Površina: grundirana i obojana

Boja: sukladno Kauflandovoj paleti boja",705,kg,3.3,2326.5,0%,#VALUE!,,0
409.070.00120,,"- čelična konstrukcija, premazana bojom","POZ 405
Nosače od profilnog čelika, u različitim pojedinačnim dužinama i presjecima, položene u ravnini trapeznih limova kao podkonstrukcija ili za vješanje konstrukcija na gradilištu, uklj. gornje ploče, potpornje, prirubnice, bušene rupe, zavarene spojeve, sredstva za pričvršćivanje i spajanje izraditi, isporučiti i montirati.

Građevinski čelik: S235 prema EN 10025
Površina: grundirana i obojana

Boja: sukladno Kauflandovoj paleti boja",1810,kg,3.3,5973,0%,#VALUE!,,0
409.070.00125,,"- čelična konstrukcija, premazana bojom","POZ 406
Nosače od profilnog čelika, u različitim pojedinačnim dužinama i presjecima, položene u ravnini trapeznih limova kao podkonstrukcija ili za vješanje konstrukcija na gradilištu, uklj. gornje ploče, potpornje, prirubnice, bušene rupe, zavarene spojeve, sredstva za pričvršćivanje i spajanje izraditi, isporučiti i montirati.

Građevinski čelik: S235 prema EN 10025
Površina: grundirana i obojana

Boja: sukladno Kauflandovoj paleti boja",1975,kg,3.3,6517.5,0%,#VALUE!,,0
409.070.00130,,"- čelična konstrukcija, premazana bojom","POZ 501, POZ 502, POZ 503
Nosače od profilnog čelika, u različitim pojedinačnim dužinama i presjecima, položene u ravnini trapeznih limova kao podkonstrukcija ili za vješanje konstrukcija na gradilištu, uklj. gornje ploče, potpornje, prirubnice, bušene rupe, zavarene spojeve, sredstva za pričvršćivanje i spajanje izraditi, isporučiti i montirati.

Građevinski čelik: S235 prema EN 10025
Površina: grundirana i obojana

Boja: sukladno Kauflandovoj paleti boja",2815,kg,3.3,9289.5,0%,#VALUE!,,0
409.070.00135,,"- čelična konstrukcija, premazana bojom","POZ 504
Nosače od profilnog čelika, u različitim pojedinačnim dužinama i presjecima, položene u ravnini trapeznih limova kao podkonstrukcija ili za vješanje konstrukcija na gradilištu, uklj. gornje ploče, potpornje, prirubnice, bušene rupe, zavarene spojeve, sredstva za pričvršćivanje i spajanje izraditi, isporučiti i montirati.

Građevinski čelik: S235 prema EN 10025
Površina: grundirana i obojana

Boja: sukladno Kauflandovoj paleti boja",750,kg,3.3,2475,0%,#VALUE!,,0
409.070.00140,,"- čelična konstrukcija, premazana bojom","POZ 505
Nosače od profilnog čelika, u različitim pojedinačnim dužinama i presjecima, položene u ravnini trapeznih limova kao podkonstrukcija ili za vješanje konstrukcija na gradilištu, uklj. gornje ploče, potpornje, prirubnice, bušene rupe, zavarene spojeve, sredstva za pričvršćivanje i spajanje izraditi, isporučiti i montirati.

Građevinski čelik: S235 prema EN 10025
Površina: grundirana i obojana

Boja: sukladno Kauflandovoj paleti boja",1430,kg,3.3,4719,0%,#VALUE!,,0
409.070.00145,,"- čelična konstrukcija, premazana bojom","POZ 101
Nosače od profilnog čelika, u različitim pojedinačnim dužinama, položene u ravnini fasadnih panela kao podkonstrukcija otvora u fasadi, uklj. gornje ploče, potpornje, prirubnice, bušene rupe, zavarene spojeve, sredstva za pričvršćivanje i spajanje izraditi, isporučiti i montirati.

Građevinski čelik: S235 prema EN 10025
Površina: premazana bojom",150,kg,3.3,495,0%,#VALUE!,,0
409.070.00150,,"- čelična konstrukcija, premazana bojom","POZ 102
Nosače od profilnog čelika, u različitim pojedinačnim dužinama, položene u ravnini fasadnih panela kao podkonstrukcija otvora u fasadi, uklj. gornje ploče, potpornje, prirubnice, bušene rupe, zavarene spojeve, sredstva za pričvršćivanje i spajanje izraditi, isporučiti i montirati.

Građevinski čelik: S235 prema EN 10025
Površina: premazana bojom",135,kg,3.3,445.5,0%,#VALUE!,,0
409.070.00155,,"- čelična konstrukcija, premazana bojom","POZ 103
Nosače od profilnog čelika, u različitim pojedinačnim dužinama, položene u ravnini fasadnih panela kao podkonstrukcija otvora u fasadi, uklj. gornje ploče, potpornje, prirubnice, bušene rupe, zavarene spojeve, sredstva za pričvršćivanje i spajanje izraditi, isporučiti i montirati.

Građevinski čelik: S235 prema EN 10025
Površina: premazana bojom",145,kg,3.3,478.5,0%,#VALUE!,,0
409.070.00160,,"- čelična konstrukcija, premazana bojom","POZ 104
Nosače od profilnog čelika, u različitim pojedinačnim dužinama, položene u ravnini fasadnih panela kao podkonstrukcija otvora u fasadi, uklj. gornje ploče, potpornje, prirubnice, bušene rupe, zavarene spojeve, sredstva za pričvršćivanje i spajanje izraditi, isporučiti i montirati.

Građevinski čelik: S235 prema EN 10025
Površina: premazana bojom",145,kg,3.3,478.5,0%,#VALUE!,,0
409.070.00165,,"- čelična konstrukcija, premazana bojom","POZ 105
Nosače od profilnog čelika, u različitim pojedinačnim dužinama, položene u ravnini fasadnih panela kao podkonstrukcija otvora u fasadi, uklj. gornje ploče, potpornje, prirubnice, bušene rupe, zavarene spojeve, sredstva za pričvršćivanje i spajanje izraditi, isporučiti i montirati.

Građevinski čelik: S235 prema EN 10025
Površina: premazana bojom",135,kg,3.3,445.5,0%,#VALUE!,,0
409.070.00170,,"- čelična konstrukcija, premazana bojom","POZ 106
Nosače od profilnog čelika, u različitim pojedinačnim dužinama, položene u ravnini fasadnih panela kao podkonstrukcija otvora u fasadi, uklj. gornje ploče, potpornje, prirubnice, bušene rupe, zavarene spojeve, sredstva za pričvršćivanje i spajanje izraditi, isporučiti i montirati.

Građevinski čelik: S235 prema EN 10025
Površina: premazana bojom",135,kg,3.3,445.5,0%,#VALUE!,,0
409.070.00175,,"- čelična konstrukcija, premazana bojom","POZ 107
Nosače od profilnog čelika, u različitim pojedinačnim dužinama, položene u ravnini fasadnih panela kao podkonstrukcija otvora u fasadi, uklj. gornje ploče, potpornje, prirubnice, bušene rupe, zavarene spojeve, sredstva za pričvršćivanje i spajanje izraditi, isporučiti i montirati.

Građevinski čelik: S235 prema EN 10025
Površina: premazana bojom",140,kg,3.3,462,0%,#VALUE!,,0
409.070.00180,,"- čelična konstrukcija, premazana bojom","POZ 108
Nosače od profilnog čelika, u različitim pojedinačnim dužinama, položene u ravnini fasadnih panela kao podkonstrukcija otvora u fasadi, uklj. gornje ploče, potpornje, prirubnice, bušene rupe, zavarene spojeve, sredstva za pričvršćivanje i spajanje izraditi, isporučiti i montirati.

Građevinski čelik: S235 prema EN 10025
Površina: premazana bojom",120,kg,3.3,396,0%,#VALUE!,,0
409.070.00185,,"- čelična konstrukcija, premazana bojom","POZ 109
Nosače od profilnog čelika, u različitim pojedinačnim dužinama, položene u ravnini fasadnih panela kao podkonstrukcija otvora u fasadi, uklj. gornje ploče, potpornje, prirubnice, bušene rupe, zavarene spojeve, sredstva za pričvršćivanje i spajanje izraditi, isporučiti i montirati.

Građevinski čelik: S235 prema EN 10025
Površina: premazana bojom",120,kg,3.3,396,0%,#VALUE!,,0
409.070.00190,,"- čelična konstrukcija, premazana bojom","POZ 110
Nosače od profilnog čelika, u različitim pojedinačnim dužinama, položene u ravnini fasadnih panela kao podkonstrukcija otvora u fasadi, uklj. gornje ploče, potpornje, prirubnice, bušene rupe, zavarene spojeve, sredstva za pričvršćivanje i spajanje izraditi, isporučiti i montirati.

Građevinski čelik: S235 prema EN 10025
Površina: premazana bojom",110,kg,3.3,363,0%,#VALUE!,,0
409.070.00195,,"- čelična konstrukcija, premazana bojom","POZ 111
Nosače od profilnog čelika, u različitim pojedinačnim dužinama, položene u ravnini fasadnih panela kao podkonstrukcija otvora u fasadi, uklj. gornje ploče, potpornje, prirubnice, bušene rupe, zavarene spojeve, sredstva za pričvršćivanje i spajanje izraditi, isporučiti i montirati.

Građevinski čelik: S235 prema EN 10025
Površina: premazana bojom",115,kg,3.3,379.5,0%,#VALUE!,,0
409.070.00200,,"- čelična konstrukcija, premazana bojom","POZ 112
Nosače od profilnog čelika, u različitim pojedinačnim dužinama i presjecima, položene u ravnini fasadnih panela kao podkonstrukcija otvora u fasadi, uklj. gornje ploče, potpornje, prirubnice, bušene rupe, zavarene spojeve, sredstva za pričvršćivanje i spajanje izraditi, isporučiti i montirati.

Građevinski čelik: S235 prema EN 10025
Površina: premazana bojom",170,kg,3.3,561,0%,#VALUE!,,0
409.070.00205,,"- čelična konstrukcija, premazana bojom","POZ 113
Nosače od profilnog čelika, u različitim pojedinačnim dužinama, položene u ravnini fasadnih panela kao podkonstrukcija otvora u fasadi, uklj. gornje ploče, potpornje, prirubnice, bušene rupe, zavarene spojeve, sredstva za pričvršćivanje i spajanje izraditi, isporučiti i montirati.

Građevinski čelik: S235 prema EN 10025
Površina: premazana bojom",95,kg,3.3,313.5,0%,#VALUE!,,0
409.070.00210,,"- čelična konstrukcija, premazana bojom","POZ 114
Nosače od profilnog čelika, u različitim pojedinačnim dužinama i presjecima, položene u ravnini fasadnih panela kao podkonstrukcija otvora u fasadi, uklj. gornje ploče, potpornje, prirubnice, bušene rupe, zavarene spojeve, sredstva za pričvršćivanje i spajanje izraditi, isporučiti i montirati.

Građevinski čelik: S235 prema EN 10025
Površina: premazana bojom",530,kg,3.3,1749,0%,#VALUE!,,0
409.070.00215,,"- čelična konstrukcija, premazana bojom","POZ 115
Nosače od profilnog čelika, u različitim pojedinačnim dužinama, položene u ravnini fasadnih panela kao podkonstrukcija otvora u fasadi, uklj. gornje ploče, potpornje, prirubnice, bušene rupe, zavarene spojeve, sredstva za pričvršćivanje i spajanje izraditi, isporučiti i montirati.

Građevinski čelik: S235 prema EN 10025
Površina: premazana bojom",120,kg,3.3,396,0%,#VALUE!,,0
409.070.00220,,"- čelična konstrukcija, premazana bojom","POZ 116
Nosače od profilnog čelika, u različitim pojedinačnim dužinama, položene u ravnini fasadnih panela kao podkonstrukcija otvora u fasadi, uklj. gornje ploče, potpornje, prirubnice, bušene rupe, zavarene spojeve, sredstva za pričvršćivanje i spajanje izraditi, isporučiti i montirati.

Građevinski čelik: S235 prema EN 10025
Površina: premazana bojom",105,kg,3.3,346.5,0%,#VALUE!,,0
409.070.00225,,"- čelična konstrukcija, premazana bojom","POZ 117
Nosače od profilnog čelika, u različitim pojedinačnim dužinama, položene u ravnini fasadnih panela kao podkonstrukcija otvora u fasadi, uklj. gornje ploče, potpornje, prirubnice, bušene rupe, zavarene spojeve, sredstva za pričvršćivanje i spajanje izraditi, isporučiti i montirati.

Građevinski čelik: S235 prema EN 10025
Površina: premazana bojom",65,kg,3.3,214.5,0%,#VALUE!,,0
409.070.00230,,"- čelična konstrukcija, premazana bojom","POZ 118
Nosače od profilnog čelika, u različitim pojedinačnim dužinama, položene u ravnini fasadnih panela kao podkonstrukcija otvora u fasadi, uklj. gornje ploče, potpornje, prirubnice, bušene rupe, zavarene spojeve, sredstva za pričvršćivanje i spajanje izraditi, isporučiti i montirati.

Građevinski čelik: S235 prema EN 10025
Površina: premazana bojom",90,kg,3.3,297,0%,#VALUE!,,0
409.070.00231,,"- čelična konstrukcija, premazana bojom","POZ 120
Nosače od profilnog čelika, u različitim pojedinačnim dužinama, položene u ravnini fasadnih panela kao podkonstrukcija otvora u fasadi, uklj. gornje ploče, potpornje, prirubnice, bušene rupe, zavarene spojeve, sredstva za pričvršćivanje i spajanje izraditi, isporučiti i montirati.

Građevinski čelik: S235 prema EN 10025
Površina: premazana bojom",310,kg,3.3,1023,0%,#VALUE!,,0
409.070.00236,,"- čelična konstrukcija, premazana bojom","POZ 121
Nosače od profilnog čelika, u različitim pojedinačnim dužinama, položene u ravnini fasadnih panela kao podkonstrukcija otvora u fasadi, uklj. gornje ploče, potpornje, prirubnice, bušene rupe, zavarene spojeve, sredstva za pričvršćivanje i spajanje izraditi, isporučiti i montirati.

Građevinski čelik: S235 prema EN 10025
Površina: premazana bojom",150,kg,3.3,495,0%,#VALUE!,,0
409.070.00235,,"- čelična konstrukcija, premazana bojom","POZ 122
Nosače od profilnog čelika, u različitim pojedinačnim dužinama, položene u ravnini fasadnih panela kao podkonstrukcija otvora u fasadi, uklj. gornje ploče, potpornje, prirubnice, bušene rupe, zavarene spojeve, sredstva za pričvršćivanje i spajanje izraditi, isporučiti i montirati.

Građevinski čelik: S235 prema EN 10025
Površina: premazana bojom",100,kg,3.3,330,0%,#VALUE!,,0
409.070.00240,,"- čelična konstrukcija, premazana bojom","POZ 123
Nosače od profilnog čelika, u različitim pojedinačnim dužinama, položene u ravnini fasadnih panela kao podkonstrukcija otvora u fasadi, uklj. gornje ploče, potpornje, prirubnice, bušene rupe, zavarene spojeve, sredstva za pričvršćivanje i spajanje izraditi, isporučiti i montirati.

Građevinski čelik: S235 prema EN 10025
Površina: premazana bojom",80,kg,3.3,264,0%,#VALUE!,,0
409.070.00245,,"- čelična konstrukcija, premazana bojom","POZ 124
Nosače od profilnog čelika, u različitim pojedinačnim dužinama, položene u ravnini fasadnih panela kao podkonstrukcija otvora u fasadi, uklj. gornje ploče, potpornje, prirubnice, bušene rupe, zavarene spojeve, sredstva za pričvršćivanje i spajanje izraditi, isporučiti i montirati.

Građevinski čelik: S235 prema EN 10025
Površina: premazana bojom",230,kg,3.3,759,0%,#VALUE!,,0
409.070.00250,,"- čelična konstrukcija, premazana bojom","POZ 125
Nosače od profilnog čelika, u različitim pojedinačnim dužinama, položene u ravnini fasadnih panela kao podkonstrukcija otvora u fasadi, uklj. gornje ploče, potpornje, prirubnice, bušene rupe, zavarene spojeve, sredstva za pričvršćivanje i spajanje izraditi, isporučiti i montirati.

Građevinski čelik: S235 prema EN 10025
Površina: premazana bojom",105,kg,3.3,346.5,0%,#VALUE!,,0
409.070.00255,,"- čelična konstrukcija, premazana bojom","POZ 126
Nosače od profilnog čelika, u različitim pojedinačnim dužinama, položene u ravnini fasadnih panela kao podkonstrukcija otvora u fasadi, uklj. gornje ploče, potpornje, prirubnice, bušene rupe, zavarene spojeve, sredstva za pričvršćivanje i spajanje izraditi, isporučiti i montirati.

Građevinski čelik: S235 prema EN 10025
Površina: premazana bojom",105,kg,3.3,346.5,0%,#VALUE!,,0
409.070.00260,,"- čelična konstrukcija, premazana bojom","POZ 127
Nosače od profilnog čelika, u različitim pojedinačnim dužinama, položene u ravnini fasadnih panela kao podkonstrukcija otvora u fasadi, uklj. gornje ploče, potpornje, prirubnice, bušene rupe, zavarene spojeve, sredstva za pričvršćivanje i spajanje izraditi, isporučiti i montirati.

Građevinski čelik: S235 prema EN 10025
Površina: premazana bojom",125,kg,3.3,412.5,0%,#VALUE!,,0
409.070.00265,,"- čelična konstrukcija, premazana bojom","POZ 128
Nosače od profilnog čelika, u različitim pojedinačnim dužinama i presjecima, položene u ravnini fasadnih panela kao podkonstrukcija otvora u fasadi, uklj. gornje ploče, potpornje, prirubnice, bušene rupe, zavarene spojeve, sredstva za pričvršćivanje i spajanje izraditi, isporučiti i montirati.

Građevinski čelik: S235 prema EN 10025
Površina: premazana bojom",315,kg,3.3,1039.5,0%,#VALUE!,,0
409.070.00270,,"- čelična konstrukcija, premazana bojom","POZ 129
Nosače od profilnog čelika, u različitim pojedinačnim dužinama, položene u ravnini fasadnih panela kao podkonstrukcija otvora u fasadi, uklj. gornje ploče, potpornje, prirubnice, bušene rupe, zavarene spojeve, sredstva za pričvršćivanje i spajanje izraditi, isporučiti i montirati.

Građevinski čelik: S235 prema EN 10025
Površina: premazana bojom",90,kg,3.3,297,0%,#VALUE!,,0
409.070.00275,,"- čelična konstrukcija, premazana bojom","POZ 130
Nosače od profilnog čelika, u različitim pojedinačnim dužinama i presjecima, položene u ravninigipskartonskog zida kao podkonstrukcija otvora u zidu, uklj. gornje ploče, potpornje, prirubnice, bušene rupe, zavarene spojeve, sredstva za pričvršćivanje i spajanje izraditi, isporučiti i montirati.

Građevinski čelik: S235 prema EN 10025
Površina: premazana bojom",250,kg,3.3,825,0%,#VALUE!,,0
409.070.00280,,"- čelična konstrukcija, premazana bojom","POZ 131
Nosače od profilnog čelika, u različitim pojedinačnim dužinama i presjecima, položene u ravninigipskartonskog zida kao podkonstrukcija otvora u zidu, uklj. gornje ploče, potpornje, prirubnice, bušene rupe, zavarene spojeve, sredstva za pričvršćivanje i spajanje izraditi, isporučiti i montirati.

Građevinski čelik: S235 prema EN 10025
Površina: premazana bojom",345,kg,3.3,1138.5,0%,#VALUE!,,0
409.070.00285,,"- čelična konstrukcija, premazana bojom","POZ 132
Nosače od profilnog čelika, u različitim pojedinačnim dužinama, položene u ravnini gipskartonskog zida kao podkonstrukcija otvora u zidu, uklj. gornje ploče, potpornje, prirubnice, bušene rupe, zavarene spojeve, sredstva za pričvršćivanje i spajanje izraditi, isporučiti i montirati.

Građevinski čelik: S235 prema EN 10025
Površina: premazana bojom",115,kg,3.3,379.5,0%,#VALUE!,,0
409.070.00290,,"- čelična konstrukcija, premazana bojom","POZ 133
Nosače od profilnog čelika, u različitim pojedinačnim dužinama, položene u ravnini fasadnih panela kao podkonstrukcija otvora u fasadi, uklj. gornje ploče, potpornje, prirubnice, bušene rupe, zavarene spojeve, sredstva za pričvršćivanje i spajanje izraditi, isporučiti i montirati.

Građevinski čelik: S235 prema EN 10025
Površina: premazana bojom",215,kg,3.3,709.5,0%,#VALUE!,,0
409.070.00295,,"- čelična konstrukcija, premazana bojom","POZ 134
Nosače od profilnog čelika, u različitim pojedinačnim dužinama i presjecima, položene u ravnini protupožarnog gipskartonskog zida kao podkonstrukcija otvora, uklj. gornje ploče, potpornje, prirubnice, bušene rupe, zavarene spojeve, sredstva za pričvršćivanje i spajanje izraditi, isporučiti i montirati.
Čelična konstrukcija mora biti zaštićena premazima da zadovolji vatrootpornost 90 minuta.

Građevinski čelik: S235 prema EN 10025
Površina: premazana bojom",225,kg,3.3,742.5,0%,#VALUE!,,0
409.070.00300,,"- čelična konstrukcija, premazana bojom","POZ 135
Nosače od profilnog čelika, u različitim pojedinačnim dužinama i presjecima, položene u ravnini protupožarnog gipskartonskog zida kao podkonstrukcija otvora, uklj. gornje ploče, potpornje, prirubnice, bušene rupe, zavarene spojeve, sredstva za pričvršćivanje i spajanje izraditi, isporučiti i montirati.
Čelična konstrukcija mora biti zaštićena premazima da zadovolji vatrootpornost 90 minuta.

Građevinski čelik: S235 prema EN 10025
Površina: premazana bojom",205,kg,3.3,676.5,0%,#VALUE!,,0
409.070.00305,,"- čelična konstrukcija, premazana bojom","POZ 136
Nosače od profilnog čelika, u različitim pojedinačnim dužinama i presjecima, položene u ravnini protupožarnog gipskartonskog zida kao podkonstrukcija otvora, uklj. gornje ploče, potpornje, prirubnice, bušene rupe, zavarene spojeve, sredstva za pričvršćivanje i spajanje izraditi, isporučiti i montirati.
Čelična konstrukcija mora biti zaštićena premazima da zadovolji vatrootpornost 90 minuta.

Građevinski čelik: S235 prema EN 10025
Površina: premazana bojom",325,kg,3.3,1072.5,0%,#VALUE!,,0
409.070.00310,,"- čelična konstrukcija, premazana bojom","POZ 137
Nosače od profilnog čelika, u različitim pojedinačnim dužinama, položene u ravnini fasadnih panela kao podkonstrukcija otvora u fasadi, uklj. gornje ploče, potpornje, prirubnice, bušene rupe, zavarene spojeve, sredstva za pričvršćivanje i spajanje izraditi, isporučiti i montirati.

Građevinski čelik: S235 prema EN 10025
Površina: premazana bojom",165,kg,3.3,544.5,0%,#VALUE!,,0
409.070.00315,,"- čelična konstrukcija, premazana bojom","POZ 138
Nosače od profilnog čelika, u različitim pojedinačnim dužinama i presjecima, položene u ravnini protupožarnog gipskartonskog zida kao podkonstrukcija otvora, uklj. gornje ploče, potpornje, prirubnice, bušene rupe, zavarene spojeve, sredstva za pričvršćivanje i spajanje izraditi, isporučiti i montirati.
Čelična konstrukcija mora biti zaštićena premazima da zadovolji vatrootpornost 90 minuta.

Građevinski čelik: S235 prema EN 10025
Površina: premazana bojom",320,kg,3.3,1056,0%,#VALUE!,,0
409.070.00320,,"- čelična konstrukcija, premazana bojom","POZ 702
Nosače od profilnog čelika, u različitim pojedinačnim dužinama, položene u ravnini fasadnih panela kao podkonstrukcija otvora u fasadi, uklj. gornje ploče, potpornje, prirubnice, bušene rupe, zavarene spojeve, sredstva za pričvršćivanje i spajanje izraditi, isporučiti i montirati.

Građevinski čelik: S235 prema EN 10025
Površina: premazana bojom",2535,kg,3.3,8365.5,0%,#VALUE!,,0
409.070.00325,,"- čelična konstrukcija, premazana bojom","POZ 703
Nosače od profilnog čelika, u različitim pojedinačnim dužinama, položene u ravnini fasadnih panela kao podkonstrukcija otvora u fasadi, uklj. gornje ploče, potpornje, prirubnice, bušene rupe, zavarene spojeve, sredstva za pričvršćivanje i spajanje izraditi, isporučiti i montirati.

Građevinski čelik: S235 prema EN 10025
Površina: premazana bojom",400,kg,3.3,1320,0%,#VALUE!,,0
409.070.00330,,"- čelična konstrukcija, premazana bojom","POZ 704
Nosače od profilnog čelika, u različitim pojedinačnim dužinama, položene u ravnini fasadnih panela kao podkonstrukcija otvora u fasadi, uklj. gornje ploče, potpornje, prirubnice, bušene rupe, zavarene spojeve, sredstva za pričvršćivanje i spajanje izraditi, isporučiti i montirati.

Građevinski čelik: S235 prema EN 10025
Površina: premazana bojom",200,kg,3.3,660,0%,#VALUE!,,0
704,,Reklame,,,,,14949.72,,#REF!,,
704.000,,Prethodne napomene,,,,,0,,0,,
,,ZTV - Dodatni tehnički uvjeti ugovora,"1.) Dodatni ugovoreni tehnički uvjeti dio su troškovnika te u slučaju ugovaranja postaju dio ugovora. Izvođač radova se dakle obavezuje na sve radove i primjene koje proizlaze iz ovih uvjeta te su one uračunate u cijenu, ukoliko nisu zasebno ponuđene.

2.) Cijene stavki se prikazuju kao neto iznos u državnoj valuti. Važeći zakonski propisani porez na dodanu vrijednost obračunava se zasebno.

3.) U slučaju proturječnosti dodatnih ugovorenih tehničkih uvjeta vrijede prvenstveno podaci iz troškovnika. U slučaju proturječnosti između troškovnika i tehničke dokumentacije koja se predaje prilikom natječaja, vrijedi tehnička dokumentacija.

4.) Prije početka davanja ponude, ponuditelj je dužan pažljivo pročitati kompletan tekst općih uvjeta uz troškovnik, općih i posebnih uvjeta uz svaku grupu radova, tekst samog troškovnika i ostale dijelove tehničke dokumentacije. Ako opis bilo koje stavke u troškovniku dovodi do sumnje o načinu izvedbe ili upotrebu gradiva zahtijevane kvalitete, treba prije predaje ponude zatražiti pojašnjenje od ovlaštene osobe Investitora. Naknadno pozivanje na manjkavost ili nepoznavanje projektno-tehničke dokumentacije ili opisa u troškovniku neće se uzeti u obzir, niti smatrati razlogom za produženje roka izvedbe, a niti će se priznati bilo kakva razlika u cijeni s tog naslova.

5.) Tehnička dokumentacija koja se predaje prilikom natječaja informativnog je karaktera, a ponuđač je dužan u svom trošku izvršiti kontrolu projektno tehničke dokumentacije u smislu točnosti, tehničke ispravnosti, izvedivosti i međusobne usklađenosti. Sve eventualne primjedbe ponuditelj/izvoditelj dužan je pravovremeno uz ponudu, a u svakom slučaju prije izvedbe u pisanom obliku dostaviti Nadzoru i Naručitelju

6.) Ponuditelj je dužan provesti i kontrolu lokacije na licu mjesta prije davanja ponude. Jedinične cijene za pojedine vrste radova sadrže i sve one posredne troškove koji nisu iskazani u troškovniku, ali su neminovni za izvršenje radova predviđenih projektom.

7.) Organizacija gradilišta uračunata je u cijenu, ukoliko nije ponuđena kao zasebna stavka.

8.) Dizalice za podizanje, skele, strojevi, alati, pomoćna sredstva i konstrukcije uzeti su u obzir te su uračunati u jediničnu cijenu.

9.) Skele za radove na fasadi i radove na krovu predmet su ovog natječaja. Ponuditelj smije koristiti postojeće skele uz poštivanje sigurnosnih uvjeta i na vlastitu odgovornost. Preinake na skelama nisu dozvoljene te se one moraju predati u ispravnom stanju u kojem su i preuzete.

10.) Kompletnu režiju gradilišta usigurava i rješava ponuditelj/izvođač i i uključena je u jediničnu cijenu.

11.) Ponuditelj je obvezan redovno prikupljati i ,pravilno skladištiti i odvoziti na ovlašteni deponij sve otpadne materijale, ostatke, krhotine, građevinski otpad, ambalaže, obični otpad i slično o vlastitom trošku. Kod odlaganja otpada potrebno je pridržavati se svih javnopravnih uputa i propisa.

12.) Onečišćenja koja uslijed radova nastaju na susjednim terenima, zgradama, putovima, cestama, trgovima i slično, izvođač radova treba svakodnevno čistiti.

13.) Izvođač preuzima odgovornost za osiguravanje, skladištenje i spremanje vlastite građevinske opreme, strojeva, uređaja, alata i slično. Jednako vrijedi i za građevinske materijale, elemente i za ugradnju određenih uređaja i objekata sve do primopredaje obavljenih građevinskih radova.

14.) Prilikom izvođenja radova, izvoditelj treba zaštititi sve susjedne plohe, dijelove konstrukcije i prethodno izvedene radove na prikladan način a u skladu sa pravilima zaštite na radu, tako da ne dođe do oštećenja istih. Troškove zaštite treba izvoditelj ukalkulirati u ponudbenu cijenu izvođenja radova. Ukoliko ipak dođe do oštećenja prethodno izvedenih radova za koje je odgovoran izvoditelj ili njegov kooperant, dužan je iste o svom trošku dovesti u stanje prije oštećenja ili naručiti iste radove kod drugog izvoditelja na svoj teret.

15.) Sve potrebne mjere prema javnopravnim uputama i propisima za sigurnost i zaštitu zdravlja trebaju se uzeti u obzir te ih se treba pridržavati prilikom izvođenja radova.

16.) Prilikom davanja ponude i izvođenja radova treba se uzeti u obzir, uračunati i pridržavati se
- svih državnih i javnopravnih zakona, smjernica i propisa
- svih odgovarajućih tehničkih standarda, pravila i smjernica
- općeprihvaćenih pravila tehnike
- uputa, propisa i napomena proizvođača za ugradnju i obradu
- Kauflandovih građevinskih opisa, ugovorenih uvjeta i ostalih Kauflandovih dokumenata i planova.

17.) Stavke troškovnika obuhvačaju konačno dovršenje radova definiranih po količini i kvaliteti, onosno podrazumijevaju se kao gotove, potpune i funkcionirajuće, uklj. sve potrebne male dijelove i sredstva za pričvršćivanje, pomoćne materijale i sredstva, podkonstrukcije itd., kao i sve dodatne i posebne usluge - čak i kada one nisu detaljno opisane.

18.) Ako su treće stranke uključene u izvođenje predradnji, izvođač radova ih treba provjeravati. U slučaju nepravilnosti ili prigovora pravovremeno treba informirati naručitelja, tako da može tehnički i organizacijski dovršiti poslove.

19.) Obavezno se treba pridržavati svih Kauflandovih proizvodnih uputa, osim ako postoje opravdani razlozi za odstupanje (npr. dostupnost). U tom slučaju izvođač treba ponuditi istovjetni proizvod ili sustav te potvrditi istovjetnost. O njoj odlučuje naručitelj.

20.) Sustavi se izvode isključivo pomoću komponenata koje su predviđene od strane proizvođača sustava.

21.) Svi materijali, građevinski elementi i uređaji koji neposredno utječu na izgled i funkcionalnost prije ugradnje se trebaju provjeriti. Ugrađuju se tek nakon što naručitelj ili ovlaštena osoba odobri ugradnju na gradilištu. O vrsti i obliku uzorka odlučuje naručitelj.

22.) Ako nije drukčije propisano, izmjene postojećih projektnih rješenja od strane ponuditelja/izvođača a koje utječu na mehaničku stabilnost, ponuditelj/izvođač je dužan u svom trošku ishoditi sve suglasnosti, dozvole i sl.
Projekt izvedenog stanja ukalkulirati u jedničnu cijenu te dostaviti Kauflandu u pisanom i digitalnom obliku.

23.) Svi radovi na objektu te primjenjeni sistemi gradnje moraju biti izvedeni prema pravilu struke, odnosnu u granicama dopuštenih tolerancija.

24.) Ukoliko je ugovoreni termin izvršenja objekta uključen i zimski odnosno ljetni period, to se neće posebno izvođaču priznavati na ime naknade za rad pri niskoj temperaturi, zaštita konstrukcija od hladnoće i vrućine, te atmosferskih nepogoda, sve mora biti uključeno u jediničnu cijenu. Za vrijeme zime objekat se mora zaštititi. Svi eventualni smrznuti dijelovi moraju se ukloniti i izvesti ponovo bez bilo kakve naplate. Ukoliko je temperatura niža od temperature pri kojoj je dozvoljen dotični rad, a Investitor ipak traži da se radi, Izvođač si ima pravo zaračunati naknadu po normi 6,006 ali u tom slučaju Izvođač snosi punu odgovornost za ispravnost i kvalitetu rada. To isto vrijedi i za zaštitu radova tokom ljeta od prebrzog sušenja uslijed visoke temperature.

25.) U jediničnu cijenu rada izvođač treba obuhvatiti i slijedeće radove, koji se neće zasebno platiti kao naknadni rad, čak i ako nisu izričito navedenei u troškovniku:
- sve vrste transporta građevinskih materijala, elemenata, uređaja, objekata itd. do mjesta ugradnje
- potrebne i uobičajene pripreme i predobrade tla
- sve vrste bušenja, zavarivanja, lijepljenja, malih dijelova, sredstava za pričvršćivanje, međupoložaja, izolacije, brtvljenja, folija, spojeva itd. koje su potrebne za priključak, montažu i pričvršćivanje građevinskih dijelova i elemenata
- stručna priprema i priključak na sve okolne dijelove, ugradbene i nadgradne elemente i propuste
- sve izrade kutova, spojnih površina i elemenata, završnih elemenata, slobodnih krajeva itd.
- sve podloge za montažu, priključak i pričvršćivanje kao što su beton, zidani elementi, čelik, aluminij, limovi, gips karton, itd.
- potrebne spojne, kose i okrugle rezove te ostatke rezanja
- Izrada otvora i proreza za instalacije i ugradbene elemente drugih izvođača
- interno povezivanje kablovima i priključak objekata, dovod prema električnim trošilima na gradilištu od strane elektro izvođača",,,,,,,,
,,"Opseg usluga, sustavi za oglašavanje","U sljedećim pozicijama potrebno je uzeti u obzir i uračunati sljedeće usluge, čak i ako nisu izričito navedene:
- Mjerenje i niveliranje usluga od zadanih mjernih točaka odnosno osi
- obojane limove i pravokutne dijelove za priključke, krajeve i prijelaze
- eventualna oštećenja na površini i / ili slojevima pravilno ukloniti
- potrebne podkonstrukcije i pojačanja
- sva sredstva za pričvršćivanje su trajno zaštićena od korozije
- Gotove zavarene šavove spremne za lakiranje
- Izoliranje kontaktnih površina kod moguće kontaktne korozije
- trajno elastične brtve na svim spojnim fugama prema graničnim elementima, uklj. ispunu fuga",,,,,,,,
704.010,,Fasadne reklame,,,,,6699.72,,#REF!,,
704.010.00105,,x..UW1..x - potkonstrukcija logotipa fasade Kaufland,"POZ 701
Podkonstrukciju za Kauflandov fasadni logotip od profilnog čelika, čelične cijevi ili čelični puni profili u različitim pojedinačnim dužinama i presjecima, uklj. gornje ploče, prirubnice, bušene rupe, zavarene spojeve, sredstva za pričvršćivanje i spajanje izraditi, sistemske elemente kao što su sidra, zatezne brave, itd., izraditi, isporučiti i montirati.

Logotip se postavlja na dvije pozicije na krovu (stavka uključuje obje konstrukcije, a iskaz kilaže je ukupan za obje konstrukcije).

Građevinski čelik: S235 prema EN 10025
Površina: pocinčana, vidljivi dijelovi u boji lakirani bojom od umjetne smole

Boje: sukladno Kauflandovoj paleti boja",1800,kg,3.72206806184646,6699.72,0%,6699.72,,0
704.020,,Reklamni panoi,,,,,8250,,8250,,
704.020.00100,,"x..UW7..x - Podkonstrukcija za reklamne plakate velike površine, 5.000 x 3.500 mm","Podkonstrukciju za velike reklamne plakate u okviru, dimenzija 5.000 / 3.500 mm izraditi, isporučiti i montirati na sljedeći način:

Čelična konstrukcija okvira od šupljih profila, ca. 50/50 mm, vruće pocinčana i premazana u RAL boji po odabiru Kauflanda, s rupama za pričvršćenje, veliki reklamni plakat ca. 10 mm.

Pričvršćenje konstrukcije okvira pomoću navojnih šipki, spoj pomoću tipli i vijaka M16 u nosivoj posudi betonskog sendvič zida, broj i razmak prema statičkim zahtjevima.

Montaža isporučenih velikih reklamnih plakata s okvirom i platnom s natpisom pomoću vijčanih spojeva na gore navedenu podkonstrukciju.",5,kom,1650,8250,0%,8250,,0
704.040,,Reklamni piloni,,,,,0,,0,,
704.040.00100,,"x..WA6..x - pilon Kaufland, visina 16 m","POZ 601
Kaufland reklamni element kao pilon, visine 16 m, dimenzije svjetleće kutije 4/4 m, na sljedeći način izraditi, isporučiti, montirati i spojiti:

Svjetleća kutija u tehničkoj i konstrukcijskoj izvedbi kao Kauflandov fasadni logotip (WA1), 3 komada po pilonu, pričvršćene na donju konstrukciju.

Pilon stup od čeličnih cijevnih profila dimenzije [ Ø 711/10] mm, vruće pocinčan i lakiran s premazom i bojom od umjetne smole, RAL 7016 - boja antracita, otporna protiv ultraljubičastog zračenja, uklj. revizijske otvore sa zaključavanjem za elektro instalacije, pričvršćen na betonski temelj.

Podkonstrukcija za pričvršćenje svjetlećih kutija na pilon stup od čeličnih cijevnih profila, vruće pocinčana ukupne težine [ 6.000 ] kg.

Temelj od armiranog betona obrađen u zasebnoj stavci. Potrebne ugradbene dijelove za pričvršćenje pilona na temelj trebaju se predati odjeljku odgovornom za radove s betonom i armiranim betonom.",1,kom,,,0%,,,0
