,,,,,,
,,,,,,
,,,,,,
12.,BRAVARIJA,,,,,
,,,,,,
,OPĆI UVJETI,,,,,
,,,,,,
,"NAPOMENA: Radovi se izvode prema opisu u troškovniku, prema podacima iz projektne dokumentacije, uz rješavanje svih eventualnih pitanja u suradnji s projektantom i u skladu s važećim standardima. Sav upotrebljeni materijal mora odgovarati postojećim propisima i standardima. Sve su dimenzije konstruktivnih elemenata date okvirno. Prije izvedbe obavezno uzeti točne mjere na građevini.
Sve mjere i vrste otvaranja (stijene, vrata, prozori i/ili sl.) kontrolirati u naravi na građevini, prije početka radova. Dužnost je izvođača predložiti potrebne dimenzije (debljine i/ili sl.) u kontekstu dimenzija datih građevinskih otvora. Sve su visine date od nivoa gotovog poda. Radioničke nacrte će u okviru jedinične cijene izraditi dobavljač aluminijske bravarije, a potpisom ovjeriti projektant i nadzorni inženjer. Radioničke nacrte aluminijske bravarije izraditi prema shemama i detaljima",,,,,
,"ugradnje iz projekta, te riješiti sve detalje ugradnje.
Ukupni koeficijent prolaska topline Uw svake pojedinačne fasadne stijene u cjelini iznosi maksimalno 1,55 W/m2K, odnosno u svemu prema projektu građevinske fizike.
Ostakljenje svih vanjskih vrata i prozori izvesti dvostrukim termoizolirajućim staklom. Koeficijent prolaska topline svakog stakla Ug iznosi maksimalno 1,1 W/m2K.
Materijal: najmanje 5-komorni aluminijski profili s prekinutim toplinskim mostom, debljine minimalno 70 mm, plastificirani prahom u boji prema ton karti RAL ili jednakovrijedno, a po izboru projektanta. Uz donji doprozornik ugraditi dodatni profil za okapnicu i ugradbu prozorskih klupčica. Krila prozora i vrata izrađena od tanjih aluminijskih profila, također plastificiranih u boji prema ton karti RAL ili jednakovrijedno, a po izboru projektanta. Na",,,,,
,"spoju doprozornika / dovratnika i krila ugraditi minimalno dvije brtve.
Vrata izvesti s minimalno tri 3D podesive petlje (""panta"") po krilu. Broj ključeva prema dogovoru s investitorom i projektantom, za svaka vrata posebno. Sva su zaokretna vratna krila predviđena s po jednim tipskim podnim zaustavljivačem za vrata (od nehrđajućeg čelika, aluminija, kroma i/ili sl.), s odbojnikom od gume. Vrata moraju biti opremljena odgovarajućom brtvom (koja smanjuje zrakopropusnost vratiju, te osigurava mekano nalijeganje krila na dovratnik), te bravom, kvakom ili rukohvatom od nehrđajućeg čelika, štitnikom i/ili sl.
Završna je obrada materijalima, tonovima i nijansama po izboru projektanta.
Fasadna bravarija se izrađuje od aluminijskih profila kao Metra ili Schuco ili jednakovrijedno, prema izboru investitora.",,,,,
,"Strukturalna aluminijska fasada:
Osnovna konstrukcija fasade izrađuje se od sistema samonosivih aluminijskih horizontalnih i vertikalnih pravokutnih profila koji osiguravaju prekid toplinskog mosta. Širina vertikalnih i horizontalnih nosivih profila s unutarnje strane iznosi 50 mm, dok s vanjske strane nema pokrovnog profila. Stakla su zalijepljena za profile, s fugom ispunjenom vidljivom elastičnom silikonskom brtvom (EPDM), širine 20 mm.
Debljina slojeva ostakljenja, kao i dubina vertikalnih profila kontinuirane fasade, određuje se statičkim proračunom koji treba izraditi proizvođač odabranog sustava. Horizontalni su profili, na mjestima spajanja s konstrukcijom, iste dubine kao vertikalni. Sistem profila fasade za odvodnju kondenzata je konstruiran u dvije ravnine odvodnje. Odvodnja se vrši na način da se kondenzat prikupljen u horizontali odvodi u vertikale, te se pomoću sistemskih plastičnih",,,,,
,"odvodnika kondezata, izvede van konstrukcije. Sve brtve na fasadi od EPDM-a prema normi DIN 7863 ili jednakovrijedno.
Žljebovi u horizontalnom i vertikalnom aluminijskom profilu međusobno su povezani i omogućavaju provjetravanje svakog ostakljenog polja preko sva četiri kuta. Ponuđač će pri predaji svoje ponude ponuđenu konstrukciju opisati i potkrijepiti crtežima.
Upotrijebiti međusobno usklađene proizvode kao sistemska rješenja jednog proizvođača. Uključivo svi tipski, kutni, spojni, razdjelni, završni i/ili sl. elementi, sav potreban okov (zaokretni, otklopni, podizni, okretni, klizni, fiksni, odnosno njihove kombinacije i/ili sl.), kvake, rukohvati, brave, ključevi, pragovi, sva potrebna brtvila, opšavi, okapi, kitanja i/ili sl., te antikorozivna zaštita svih elemenata.
Ugradba u zidove od armiranog betona, obostrano ožbukane opeke, gipskartona i/ili sl., obložene",,,,,
,"sustavima izolacija i/ili sl., odnosno prema projektu (predvidjeti sve eventualno potrebne profile za ugradbu i/ili sl., sve uključivo bez posebne napomene).
Spoj unutrašnjeg aluminijskog profila sa zidom izvesti brtvom ili silikonom u boji zida, odnosno prema izboru projektanta. Alternativno, obzirom na suhu montažu, uz stijenu predvidjeti opšavne letvice kvalitete i boje kao osnovni profili, te odgovarajuću potkonstrukciju.
Za sve stavke bravarskih radova izvođač je dužan izvesti odgovarajuće slijepe okvire uz koordinaciju s izvođačima zidarskih, fasaderskih i gipskartonskih radova.
Sve radove po proizvođaču odabranih materijala, treba obvezno izvesti po detaljima i tehnološkim rješenjima istog. To se odnosi kako na korištenje materijala tako i na uporabu odgovarajućeg alata. Glede specifičnosti gore navedenih radova, izvoditelj je dužan prije davanja ponude obvezno",,,,,
,"se upoznati s načinom i detaljima izvođenja izolacija koji su opisani ovim troškovnikom, te s tehnologijom i specifičnostima izvođenja radova odabranog proizvođača. Sve eventualne nejasnoće i nedoumice izvoditelj je dužan dogovoriti i uskladiti s projektantom prije davanja ponude. Nikakvi naknadni zahtjevi neće se moći uvažiti.
Svi materijali koji se ugrađuju moraju obvezno biti ispitani i certifikati priloženi. Ukoliko ne postoje domaće norme, treba priložiti rezultate ispitivanja koji zadovoljavaju odredbe ISO, EN ili jednakovrijednih normi.
Jediničnom cijenom obuhvatiti:
- sav potreban materijal, rad i transport do mjesta ugradbe;
- sva potrebna uskladištenja i zaštite, sve potrebne zaštitne konstrukcije, skele i dizalice;
- RAL ugradnju;
- plastificirane aluminijske opšavne limove na spojevima sa susjednim stavkama;",,,,,
,"- sva brtvljenja i kitanja reški i dilatacija između pojedinih elemenata same stavke i između stavke i susjednih ploha.
Ugradnju vanjske aluminijske bravarije izvesti prema smjernicama RAL,
te smjernicama dobavljača sistema. Tzv. RAL ugradnja podrazumijeva:
- ugradnju prozora na pravilnu liniju izoterme (vanjska strana špalete);
- ugradnju prozora na sistemski PVC bazni profil - nema toplinskog mosta;
- ugradnju hidroizolacijskih paropropusnih folija s vanjske strane;
- ugradnju paronepropusnih folija s unutarnje strane priključka;
- širinu bočne fuge između štoka i zida širine prema RAL tabeli;
- ugradnju stakla s okvirom u skladu sa zahtjevima zaštite od buke.
Preklapanje svih izolacionih folija (najmanje 100",,,,,
,"mm) izvesti na objektu uz mehaničko učvršćenje i potrebnu toplinsku izolaciju. Izvoditelj radova obavezan je ispravno izabrati sve izolacijske materijale na unutarnjoj i vanjskoj strani fasade i to biti u stanju dokazati.
Uključivo svi potrebni tipski profili, elementi, fazonski komadi i/ili sl. Obaveza je izvođača proučiti sve projekte predmetne građevine, te u jedinične cijene stavki uračunati sve radove, potrebne materijale, njihove količine i/ili sl. (eventualno ne specificirane posebno u samom troškovniku), a koji su potrebni za potpuno dovršenje građevine, odnosno dovođenje u stanje ""potpuno spremno za uporabu"", do pune gotovosti i funkcionalnosti. Svi takvi radovi i materijali trebaju biti uračunati u jedinične cijene.
Obračun radova vrši se prema važećim propisima, po stvarno izvedenim količinama. Jediničnom cijenom obuhvaćen je sav rad, potreban materijal s transportom na gradilište, skele potrebne za",,,,,
,"izvođenje pojedinih radova, primjena mjera zaštite na radu i drugih važećih propisa.",,,,,
,,,,,,
RB,STAVKA,JEDINICA MJERE,KOLIČINA,JEDINIČNA CIJENA,UKUPNA CIJENA,
,,,,,,
12.1.,STANDARDNA VANJSKA BRAVARIJA,,,,,
,,,,,,
,OPĆI UVJETI,,,,,
,,,,,,
,Izvedba u svemu prema standardnoj tehničkoj specifikaciji prodajnog mjesta Eurospin - točka 12.1.,,,,,
,,,,,,
12.1.1.,Opis sustava,,,,,
,,,,,,
12.1.2.,Završna obrada otvora i dodataka,,,,,
,,,,,,
12.1.3.,Otvori,,,,,
,,,,,,
12.1.4.,Toplinska i zvučna izolacija,,,,,
,,,,,,
12.1.5.,Ostakljenja,,,,,
,,,,,,
12.1.6.,Dimenzioniranje i pričvršćenja na zidove,,,,,
,,,,,,
12.1.7.,Kontrole,,,,,
,,,,,,
12.1.7.1.,"Strukturalna fasada 
- unutar fasadnih panela debljine 18 cm",,,,,
,"Dobava materijala, izrada, suha montaža, opremanje i završna obrada ostakljenih fasadnih stijena u sistemu strukturalne fasade.
Okviri stijena izrađuju se od aluminijskih fasadnih profila s prekinutim toplinskim mostom, kao Metra Poliedra SKY 50 CV ili jednakovrijedno.

Koeficijent prolaska topline za sklop ostakljenih stijena Uw=1,55 W/m2K.
_Ostakljenje IZO staklom, tip A: 66.2 low iron (laminirano staklo 6+6 mm, s PVB folijom debljine 0,76 mm) + 27 mm šupljina ispunjena argonom 90% + 66.2 low iron (laminirano staklo 6+6 mm, s akustičnom PVB folijom debljine 0,76 mm); lowE premaz na površini 3. Koeficijent prolaska topline Ug=1,1 W/m2K. Ff=0,70, gokom.=0,60, Fc,H=1,00, Fc,C=0,50.
_Ostakljenje IZO staklom, tip B: 66.2 low iron (laminirano staklo 6+6 mm, s PVB folijom debljine 0,76 mm) + 27 mm šupljina ispunjena argonom 90% +",,,,,
,"66.2 low iron (laminirano staklo 6+6 mm, s akustičnom PVB folijom debljine 0,76 mm); lowE premaz na površini 3. Koeficijent prolaska topline Ug=1,1 W/m2K. Ff=0,70, gokom.=0,50, Fc,H=1,00, Fc,C=1,00.

Stavka uključuje sve potrebne elemente pričvršćenja - slijepe dovratnike, spojne ploče i vijčani pribor u skladu s Eurospin standardom. Svi sidreni i spojni elementi kontinuirane fasade vruće cinčani u ""suhoj"" zoni, inox A2 kvalitete u ""mokroj"" zoni.
U jediničnoj cijeni stavke uključene su sve obrade priključaka ostakljenih stijena na konstrukciju građevine i na druge sustave fasadne obloge - opšavi od aluminijskog lima završne obrade kao profili.
Završna obrada profila plastificiranjem u boji RAL 7043, gloss 20 prema tehničkim standardima QUALITAL i QUALICOAT.",,,,,
,"Završna obrada pribora (okov, ručke, kvake itd.) satin krom aluminijska.

Stijene opremiti:
1.Zaštitom od sunca: rolo zavjesama, postavljenim između unutarnjih stupova. Isporuka i montaža ručne unutarnje filtrirne platnene rolete, sa specifičnim mehanizmom za rolo zavjese sa ručnim upravljanjem pomicanjem čeličnog lančića za aktiviranje role. Mehanizam opremljen kompenzacijskom oprugom integriranom u valjak, kako bi se omogućilo smanjenje napora potrebnog za podizanje rolete. Sustav u kompletu sa šipkom koja podupire valjak i osigurava brzo spajanje – odvajanje. Valjak izrađen od aluminijske legure A6063 S T5, promjera oko 36 mm, zajedno s utorom za umetanje tkanine za rolete. Profili i kape od plastike farbane istom bojom staklene stijene ili crnom bojom. Aluminizirana filterska tkanina u svijetlosivoj boji u dogovoru sa Eurospin Italia,",,,,,
,"sa sljedećim karakteristikama:
Vanjska sunčeva refleksija =74%,
Prosječni omjer otvaranja =2%
Emisivnost metalne strane =0,19
Adhezija metalnog premaza = klasa 0 prema ISO2409
Tkanina izrađena od 100% poliestera, bez PVC-a i staklenih vlakana. Reakcija na požar: IT – Klasa 1 prema UNI 9177, EU Klasa B-s2, d0 UNI EN 13501-1:2009. U kompletu s tračnicama i sajlama od nehrđajućeg čelika pričvršćenim na gornje i donje prečke, s obje strane sjenila. Proizvodi moraju imati CE certifikat.

2. Vratima za evakuaciju: Evakuacijska izlazna jednokrilna zaokretna ostakljena vrata, otvaranje prema van, u kompletu s panik letvom, s CE certifikatom i odobrenjem. Vratna krila izrađuju se od aluminijskih fasadnih profila s prekinutim toplinskim mostom, kao Metra NC 65 HDS ili jednakovrijedno. Ostakljenje tip B. Vrata",,,,,
,"opremljena s 3 bočne točke zaključavanja i čeličnim zasunima.
Vrata opremljena evakuacijskim potisnim letvama iznutra i fiksnom kuglom s rozetom izvana, u inox izvedbi, sukladno EN1125 ili jednakovrijedno. Panik letva, dodaci i ručke obojeni u svijetlo sivu boju. Brava s panik funkcijom B (ručica izvana omogućena samo okretanjem ključa), s kvakom i euro cilindričnom bravom s klinovima (5) po potrebi u detaljima prozora. Uključujući intrados, “L” profile, opšave od zvučno izoliranog aluminijskog lima 15/10, protuprovalne perle za staklo, podesivi panti (3/4 kom) s prirubnicama (3 kom), minimalno opterećenje 150 kg, podni ili zidni graničnik otvaranja. Završni i kompenzacijski elementi lakirani u boju kao staklena stijena. Uključujući sve ostalo potrebno za dovršetak radova u skladu s najboljom praksom. Vrata spojena na sustav vatrodojave koja se u slučaju požara automatski otvaraju i ostaju u",,,,,
,"otvorenom položaju. Evakuacijska izlazna vrata unutar prodajnog prostora opremljena aluminijskim pragovima. Ugradnja unutar staklene stijene SS4.

Ugradnju izvesti prema smjernicama i pravilima RAL ugradnje i smjernicama dobavljača sistema. Stavka uključuje sve potrebne brtveće folije, bubreće trake i montažne pjene.
U stavci uključeno:
_ sav potreban spojni i montažni pribor;
_ zaštita PE folijom nakon ugradnje;
_ završno brtvljenje i popravci eventualnih oštećenja do pune estetske gotovosti.
Izvedba u svemu prema standardnoj tehničkoj specifikaciji prodajnog mjesta Eurospin - točka 12.1.1.-12.1.8.
Sve prema shemi bravarije SS2, SS3, SS4.
Obračun po m2.",,,,,
12.1.7.1.a.,"Shema bravarije SS2, sjeverna orijentacija, ostakljenje tip A",m²,6.42,410,2632.2,
12.1.7.1.b.,"Shema bravarije SS3, istočna orijentacija, ostakljenje tip B",m²,14.22,410,5830.2,
12.1.7.1.c.,"Shema bravarije SS4, istočna orijentacija, ostakljenje tip B",m²,14.22,410,5830.2,
12.1.7.1.d.,"Vrata za evakuaciju unutar stavke SS4, svj. mjere 120x225 cm, panik letva",komad,1,1600,1600,
,,,,UKUPNO:,15892.6,
,,,,,,
12.1.7.,Strukturalna fasada UKUPNO:,,,,15892.6,0
,,,,,,
12.1.8.,Ostakljeni sigurnosni izlaz prodajnog prostora,,,,,
,"Dobava materijala, izrada, suha montaža, opremanje i završna obrada evakuacijskih dvokrilnih zaokretnih ostakljenih vrata s nadsvjetlom u prodajnom prostoru.
Okviri i krila izrađuju se od aluminijskih fasadnih profila s prekinutim toplinskim mostom, kao Metra NC 65 HDS ili jednakovrijedno.
Koeficijent prolaska topline za sklop vrata Uw=1,55 W/m2K.
Ostakljenje IZO staklom: 44.2 low iron (laminirano staklo 4+4 mm, s PVB folijom debljine 0,76 mm) + 16 mm šupljina ispunjena argonom + 44.2 mid iron (laminirano staklo 4+4 mm, s akustičnom PVB folijom debljine 0,76 mm); lowE, Ug=1,1 W/m2K.
Vrata spojena na sustav vatrodojave koja se u slučaju požara automatski otvaraju i ostaju u otvorenom položaju.
Stavka uključuje sve potrebne elemente pričvršćenja - slijepe dovratnike, spojne ploče i",,,,,
,"vijčani pribor u skladu s Eurospin standardom.
U jediničnoj cijeni stavke uključene su sve obrade priključaka vrata na konstrukciju građevine i na druge sustave fasadne obloge - opšavi od aluminijskog lima završne obrade kao profili.
Završna obrada profila plastificiranjem u boji RAL 7043, gloss 20.
Vrata opremiti:
1. okovom za zaokretna krila - podesivim pantima, minimalno 3 kom/krilu;
2. cilindar bravom s 3 točke zaključavanja za jednokrilna vrata, odnosno 5 točaka zaključavanja za dvokrilna vrata + ključ u sustavu masterkeya;
3. evakuacijskim potisnim letvama iznutra i fiksnom kuglom s rozetom izvana, u inox izvedbi, sukladno EN1125 ili jednakovrijedno;
4. prema potrebi pragom u inox izvedbi;
5. sustavom zaštite od sunca s ALU žaluzinama na ručni pogon, kao Pellini Screen Line B ili",,,,,
,"jednakovr., sa žaluzinama širine 16 mm, bijele boje - S102.;
6. podnim ili zidnim graničnikom otvaranja.
Ugradnju izvesti prema smjernicama i pravilima RAL ugradnje i smjernicama dobavljača sistema. Stavka uključuje sve potrebne brtveće folije, bubreće trake i montažne pjene.
U stavci uključeno:
_ sav potreban spojni i montažni pribor;
_ zaštita PE folijom nakon ugradnje;
_ završno brtvljenje i popravci eventualnih oštećenja do pune estetske gotovosti.
Izvedba u svemu prema standardnoj tehničkoj specifikaciji prodajnog mjesta Eurospin - točka 12.1.8.
Detalji izvedbe u svemu prema standardnoj tehničkoj specifikaciji prodajnog mjesta Eurospin - poglavlje 12. - prikazi 51 i 52.
Sve prema shemi bravarije V2.
Obračun po kompletu.",,,,,
12.1.8.a.,"Vrata dimenzija 242/225+110 cm, u fasadnom panelu debljine 18 cm.",komplet,1,3550,3550,
,,,,,,
12.1.9.,Sigurnosni izlaz s punim krilima,,,,,
,"Dobava materijala, izrada, suha montaža, opremanje i završna obrada evakuacijskih jednokrilnih zaokretnih punih vrata s nadsvjetlom.
Okviri se izrađuju od aluminijskih fasadnih profila, krila od unutarnjeg i vanjskog aluminijskog lima debljine 1,5 mm, te unutarnje ispune krila od kamene vune debljine minimalno 4 cm.
Koeficijent prolaska topline za sklop vrata Uw=2,00 W/m2K.
Stavka uključuje sve potrebne elemente pričvršćenja - slijepe dovratnike, spojne ploče i vijčani pribor u skladu s Eurospin standardom.
Ostakljenje nadsvjetla IZO staklom: 44.2 low iron (laminirano staklo 4+4 mm, s PVB folijom debljine 0,76 mm) + 16 mm šupljina ispunjena argonom + 44.2 mid iron (laminirano staklo 4+4 mm, s akustičnom PVB folijom debljine 0,76 mm); lowE, Ug=1,1 W/m2K.",,,,,
,"Nadsvjetlo fiksno ostakljeno i/ili sa zaokretnim krilom spojenim na sustav vatrodojave koje se u slučaju požara automatski otvara i ostaju u otvorenom položaju.
U jediničnoj cijeni stavke uključene su sve obrade priključaka vrata na konstrukciju građevine i na druge sustave fasadne obloge - opšavi od aluminijskog lima završne obrade kao profili.
Završna obrada profila plastificiranjem u boji RAL 7043, gloss 20.
Vrata opremiti:
1. okovom za zaokretna krila - podesivim pantima, minimalno 3 kom/krilu;
2. cilindar bravom s 3 točke zaključavanja za jednokrilna vrata, odnosno 5 točaka zaključavanja za dvokrilna vrata + ključ u sustavu masterkeya;
3. evakuacijskim potisnom letvom iznutra i fiksnom kuglom s rozetom izvana, u inox izvedbi, sukladno EN1125 ili jednakovrijedno;",,,,,
,"4. hidrauličnom povratnom pumpom s vodilicom na vratnom krilu;
5. prema potrebi pragom u inox izvedbi;
6. podnim ili zidnim graničnikom otvaranja.
Ugradnju izvesti prema smjernicama i pravilima RAL ugradnje i smjernicama dobavljača sistema. Stavka uključuje sve potrebne brtveće folije, bubreće trake i montažne pjene.
U stavci uključeno:
_ sav potreban spojni i montažni pribor;
_ zaštita PE folijom nakon ugradnje;
_ završno brtvljenje i popravci eventualnih oštećenja do pune estetske gotovosti.
Izvedba u svemu prema standardnoj tehničkoj specifikaciji prodajnog mjesta Eurospin - točka 13.1.9.
Sve prema shemama bravarije V1 i V1a.
Obračun po kompletu.",,,,,
12.1.9.a.,"Vrata dimenzija 120/225+100 cm, u fasadnom panelu debljine 18 cm.
Mjesto ugradbe: skladište. Shema bravarije V1",komplet,2,2300,4600,
12.1.9.b.,"Vrata dimenzija 120/215+110 cm, u armiranobetonskom zidu debljine 29 cm, obloženom toplinskim fasadnim sustavom debljine 16 cm. 
Mjesto ugradbe: stubište. Shema bravarije V1a",komplet,1,3300,3300,
,,,,UKUPNO:,7900,
,,,,,,
12.1.10.,Trakasti prozori s otklopnim krilima i zaokretnim krilima spojenim na sustav vatrodojave i jednodijelni prozor spojen na sustav vatrodojave ,,,,,
,"Dobava materijala, izrada, suha montaža, opremanje i završna obrada jednokrilnog prozora i prozorske trake s otklopnim krilima i zaokretnim krilima spojenim na sustav vatrodojave koja se u slučaju požara automatski otvaraju i ostaju u otvorenom položaju.
Okviri i krila izrađuju se od aluminijskih fasadnih profila s prekinutim toplinskim mostom, kao Metra NC 65 HES ili jednakovrijedno.
Koeficijent prolaska topline za sklop prozora Uw=1,55 W/m2K.
Ostakljenje IZO staklom: 44.2 low iron (laminirano staklo 4+4 mm, s PVB folijom debljine 0,76 mm + 16 mm šupljina ispunjena argonom + 44.2 mid iron (laminirano staklo 4+4 mm, s akustičnom PVB folijom debljine 0,76 mm); lowE. Koeficijent prolaska topline Ug=1,1 W/m2K. Ff=0,70, gokom.=0,50, Fc,H=1,00, Fc,C=1,00.
Stavka uključuje sve potrebne elemente pričvršćenja - slijepe dovratnike, spojne ploče i",,,,,
,"vijčani pribor u skladu s Eurospin standardom.
U jediničnoj cijeni stavke uključene su sve obrade priključaka prozora na konstrukciju građevine i druge sustave fasadne obloge - opšavi od aluminijskog lima završne obrade kao profili.
Završna obrada profila plastificiranjem u boji RAL 7043, gloss 20.
Prozor opremiti:
1. okovom za otklopno otvaranje krila;
2. ventus sustavom otvaranja krila pomoću ručnog upravljanja, ''kurbla'' kao Geze;
3. vanjskom klupčicom.
Ugradnju izvesti prema smjernicama i pravilima RAL ugradnje i smjernicama dobavljača sistema. Stavka uključuje sve potrebne brtveće folije, bubreće trake i montažne pjene.
U stavci uključeno:
_ sav potreban spojni i montažni pribor;
_ zaštita PE folijom nakon ugradnje;
_ završno brtvljenje i popravci eventualnih",,,,,
,"oštećenja do pune estetske gotovosti.
Izvedba u svemu prema standardnoj tehničkoj specifikaciji prodajnog mjesta Eurospin - točka 12.1.10., 12.1.12.
Obračun po kompletu.",,,,,
12.1.10.a.,"4-djelni prozor dimenzija 500/100 cm, u fasadnom panelu debljine 18 cm, s dva otklopna i dva krila spojena na sustav vatrodojave.
Sve prema shemi bravarije P3.
Mjesto ugradbe: skladište.",komplet,1,4350,4350,
12.1.10.b.,"4-djelni prozor dimenzija 500/100 cm, u fasadnom panelu debljine 18 cm, s jednim otklopnim i tri krila spojena na sustav vatrodojave.
Sve prema shemi bravarije P4.
Mjesto ugradbe: skladište.",komplet,1,5100,5100,
12.1.10.c.,"Jednokrilni prozor dimenzija 120/120 cm, u ab zidu debljine cca 27 cm s oblogom od ETICS fasade debljine 13 cm, spojen na sustav vatrodojave.
Sve prema shemi bravarije P7.
Mjesto ugradbe: stubište, podrum.",komplet,1,1670,1670,
,,,,UKUPNO:,11120,
,,,,,,
12.1.11.,"Trakasti i jednostruki prozori sa zaštitom od sunca
",,,,,
,"Dobava materijala, izrada, suha montaža, opremanje i završna obrada prozorske trake i jednostrukih prozora s otklopnim i/ili fiksnim krilima.
Okviri i krila izrađuju se od aluminijskih fasadnih profila s prekinutim toplinskim mostom, kao Metra NC 65 HES ili jednakovrijedno.
Koeficijent prolaska topline za sklop prozora Uw=1,55 W/m2K.
Ostakljenje IZO staklom: 44.2 low iron (laminirano staklo 4+4 mm, s PVB folijom debljine 0,76 mm + 16 mm šupljina ispunjena argonom + 44.2 mid iron (laminirano staklo 4+4 mm, s akustičnom PVB folijom debljine 0,76 mm); lowE. Koeficijent prolaska topline Ug=1,1 W/m2K. Ff=0,70, gokom.=0,60, Fc,H=1,00, Fc,C=0,50.
Ispuna eventualno punih polja prozorskih traka, npr. na pozicijama ispred stupova i/ili sl., izvodi se od kompaktnog aluminijskog panela punjenog ekstrudiranim polistirenom, debljine 5,0",,,,,
,"cm, Uw=1,55 W/m2K.
Stavka uključuje sve potrebne elemente pričvršćenja - slijepe dovratnike, spojne ploče i vijčani pribor u skladu s Eurospin standardom.
U jediničnoj cijeni stavke uključene su sve obrade priključaka prozora na konstrukciju građevine i druge sustave fasadne obloge - opšavi od aluminijskog lima završne obrade kao profili.
Završna obrada profila plastificiranjem u boji RAL 7043, gloss 20.
Prozor opremiti:
1. okovom za otklopno otvaranje krila;
2. ventus sustavom otvaranja krila pomoću ručnog upravljanja, ''kurbla'' kao Geze;
3. vanjskom klupčicom.
4. sustavom zaštite od sunca s rolo zavjesama, postavljenim s unutarnje strane. Isporuka i montaža ručne unutarnje filtrirne platnene rolete, sa specifičnim mehanizmom za rolo zavjese sa ručnim upravljanjem pomicanjem čeličnog",,,,,
,"lančića za aktiviranje role. Mehanizam opremljen kompenzacijskom oprugom integriranom u valjak, kako bi se omogućilo smanjenje napora potrebnog za podizanje rolete. Sustav u kompletu sa šipkom koja podupire valjak i osigurava brzo spajanje – odvajanje. Valjak izrađen od aluminijske legure A6063 S T5, promjera oko 36 mm, zajedno s utorom za umetanje tkanine za rolete. Profili i kape od plastike farbane istom bojom staklene stijene ili crnom bojom. Aluminizirana filterska tkanina u svijetlosivoj boji u dogovoru sa Eurospin Italia, sa sljedećim karakteristikama:
Vanjska sunčeva refleksija =74%,
Prosječni omjer otvaranja =2%
Emisivnost metalne strane =0,19
Adhezija metalnog premaza = klasa 0 prema ISO2409
Tkanina izrađena od 100% poliestera, bez PVC-a i staklenih vlakana. Reakcija na požar: IT – Klasa 1 prema UNI 9177, EU Klasa B-s2, d0 UNI EN 13501-1:2009. U kompletu s tračnicama i sajlama",,,,,
,"od nehrđajućeg čelika pričvršćenim na gornje i donje prečke, s obje strane sjenila. Proizvodi moraju imati CE certifikat.
Alternativno: Zaštita od sunca ALU žaluzinama na ručni pogon, kao Pellini Screen Line B ili jednakovr., sa žaluzinama širine 16 mm, bijele boje - S102.
Ugradnju izvesti prema smjernicama i pravilima RAL ugradnje i smjernicama dobavljača sistema. Stavka uključuje sve potrebne brtveće folije, bubreće trake i montažne pjene.
U stavci uključeno:
_ sav potreban spojni i montažni pribor;
_ zaštita PE folijom nakon ugradnje;
_ završno brtvljenje i popravci eventualnih oštećenja do pune estetske gotovosti.
Izvedba u svemu prema standardnoj tehničkoj specifikaciji prodajnog mjesta Eurospin - točka 12.1.11.
Obračun po kompletu.",,,,,
12.1.11.a.,"Jednodjelni prozor dimenzija 140/100 cm, u fasadnom panelu debljine 18 cm, s otklopnim krilom.
Sve prema shemi bravarije P1.
Mjesto ugradbe: prostor za obradu - mesnica.",komplet,2,780,1560,
12.1.11.b.,"Trodjelni prozor dimenzija 420/100 cm, u fasadnom panelu debljine 18 cm, s otklopnim krilima.
Sve prema shemi bravarije P2.
Mjesto ugradbe: prostor za obradu - pekarnica.",komplet,1,2200,2200,
12.1.11.c.,"Dvodjelni prozor dimenzija 273/100 cm, u zidu sastavljenom od postojećeg zida debljine cca 30 cm, potkonstrukcije i završne obloge zida od fasadnog izolacijskog panela debljine 18 cm, sveukupno cca 54 cm, s fiksnim poljima.
Sve prema shemi bravarije P5.
Mjesto ugradbe: prodajni prostor - odjel voća i povrća.",komplet,1,1470,1470,
12.1.11.d.,"Trodjelni prozor dimenzija 410/100 cm, u zidu sastavljenom od postojećeg zida debljine cca 30 cm, potkonstrukcije i završne obloge zida od fasadnog izolacijskog panela debljine 18 cm, sveukupno cca 54 cm, s fiksnim poljima.
Sve prema shemi bravarije P6.
Mjesto ugradbe: prodajni prostor.",komplet,1,2050,2050,
,,,,UKUPNO:,7280,
,,,,,,
12.1.12.,Odbojnici za zaštitu ostakljenih stijena,,,,,
,"Isključivo montaža odbojnika za zaštitu od udaraca ostakljenih stijena (strukturalna fasada i vjetrobran).
Odbojnici se sastoje od:
_ nosača izrađenog od AISI 304 nehrđajućeg lima debljine 4 mm, s pričvrsnom pločom od AISI 304 lima debljine 8 mm, koji se pričvršćuje u nosive profile strukturalne fasade pomoću skrivenog vijčanog pribora;
_ linijskog odbojnika izrađenog od AISI304 nehrđajuće cijevi promjera 48 mm, debljine stjenke 2 mm, koji se pričvršćuje na nosače TIG zavarivanjem sa skrivenim varom. Na kraju cijevi ravne kapice od istovjetnog materijala lijepljene su epoksi ljepilom.
U stavci uključen sav potreban spojni i montažni pribor.
Izvedba u svemu prema standardnoj tehničkoj specifikaciji prodajnog mjesta Eurospin - točka 12.1.13.",,,,,
,"Detalji izvedbe u svemu prema standardnoj tehničkoj specifikaciji prodajnog mjesta Eurospin - poglavlje 12. - prikaz 34.
Sve prema shemi bravarije CB-6.
Odbojnike dobavlja Eurospin.
Obračun po m1.",,,,,
12.1.12.a.,Vanjski odbojnici na strukturalnoj fasadi i vjetrobranu,m,21.42,43,921.06,
12.1.12.b.,Unutarnji odbojnici u vjetrobranu.,m,5.77,43,248.11,
12.1.12.c.,Unutarnji odbojnici na strukturalnoj fasadi.,m,18.54,43,797.22,
,,,,UKUPNO:,1966.39,
,,,,,,
12.1.13.,Stijene vjetrobrana u sistemu strukturalne fasade,,,,,
,"Dobava materijala, izrada, suha montaža, opremanje i završna obrada ostakljenih fasadnih stijena vjetrobrana u sistemu strukturalne fasade s jednokrilnim i dvokrilnim automatskim kliznim vratima.
Okviri stijena izrađuju se od aluminijskih fasadnih profila s prekinutim toplinskim mostom, kao Metra Poliedra SKY 50 CV, Schüco ili jednakovrijedno.
Koeficijent prolaska topline za sklop ostakljenih stijena Uw=1,55 W/m2K.
Ostakljenje IZO staklom: 66.2 low iron (laminirano staklo 6+6 mm, s PVB folijom debljine 0,76 mm) + 27 mm šupljina ispunjena argonom 90% + 66.2 low iron (laminirano staklo 6+6 mm, s akustičnom PVB folijom debljine 0,76 mm); lowE premaz na površini 3. Koeficijent prolaska topline Ug=1,1 W/m2K.
Stavka uključuje sve potrebne elemente pričvršćenja - slijepe dovratnike, spojne ploče i",,,,,
,"vijčani pribor u skladu s Eurospin standardom. Svi sidreni i spojni elementi strukturalne fasade vruće cinčani u ""suhoj"" zoni, inox A2 kvalitete u ""mokroj"" zoni.
U jediničnoj cijeni stavke uključene su sve obrade priključaka vrata na konstrukciju građevine i na druge sustave fasadne obloge - opšavi od aluminijskog lima završne obrade kao profili.
U sklopu fasadnih stijena ugrađuju se jednokrilna i dvokrilna automatska klizna vrata izrađena od aluminijskih profila kao ASSA ABLOY Entrance system Slim Eco Telescopic ili jednakovrijedno, širine 30 mm.
Ostakljenje kliznih vrata IZO staklom: 33.1 (laminirano staklo 2x3 mm, s PVB folijom debljine 0,76 mm) + 10 mm šupljina ispunjena argonom + 33.1 (laminirano staklo 2x3 mm, s akustičnom PVB folijom debljine 0,76 mm); lowE, Ug=1,1 W/m2K.
Završna obrada profila plastificiranjem u boji",,,,,
,"RAL 7043, gloss 20.
Klizna vrata opremiti:
1. okvirom krila s kliznim okovom, sustavom vodilica i pogonom vrata, kao ASSA ABLOY Slim Eco Telescopic s automatikom ASSA ABLOY UNISLIDE T, te
pogonom ASSA ABLOY SL500 ili GEZE ISO s automatizacijom Ec drive T2 ili jednakovrijedno;
2. sustavom unutarnjeg i vanjskog radara, kao ASSA ABLOY ili GEZE ili jednakovrijedno;
3. mehaničkim sustavom otvaranja odnosno deblokade;
4. elektromotornom bravom s pripremom elektroinstalacije i izradom spoja na vatrodojavnu centralu;
5. sustavima za automatsko zatvaranje u slučaju kada dobiju signal od sustava vatrodojave (baterija ili protuuteg);
6. tipkalom za deblokadu vrata s pripremom elektroinstalacije i izradom spoja na",,,,,
,"vatrodojavnu centralu;
7. sustavom prisilnog otvaranja s pripremom elektroinstalacije i izradom spoja na vatrodojavnu centralu.
Ugradnju izvesti prema smjernicama i pravilima RAL ugradnje i smjernicama dobavljača sistema. Stavka uključuje sve potrebne brtveće folije, bubreće trake i montažne pjene.
U stavci uključeno:
_ sav potreban spojni i montažni pribor;
_ zaštita PE folijom nakon ugradnje;
_ završno brtvljenje i popravci eventualnih oštećenja do pune estetske gotovosti.
Izvedba u svemu prema standardnoj tehničkoj specifikaciji prodajnog mjesta Eurospin - točka 12.1.1. - 12.1.7. i 12.1.14.
Detalji izvedbe u svemu prema standardnoj tehničkoj specifikaciji prodajnog mjesta Eurospin - poglavlje 12. - prikazi 35 i 36.
Sve prema shemi bravarije SS1.",,,,,
,Obračun po m2 i kompletu.,,,,,
12.1.13.a.,Strukturalna fasada vjetrobrana (vanjska i unutarnja).,m²,54.31,400,21724,
12.1.13.b.,Vanjska jednokrilna automatska klizna vrata dimenzija svijetlog otvora 110/240 cm.,komplet,2,2800,5600,
12.1.13.c.,Unutarnja dvokrilna automatska klizna vrata dimenzija svijetlog otvora 145/240 cm.,komplet,1,3000,3000,
,,,,UKUPNO:,30324,
,,,,,,
,,,,,,
12.1.,STANDARDNA VANJSKA BRAVARIJA UKUPNO:,,,,78032.99,0
,,,,,,
12.2.,NESTANDARDNA VANJSKA BRAVARIJA,,,,,
,,,,,,
,OPĆI UVJETI,,,,,
,,,,,,
,Izvedba u svemu prema standardnoj tehničkoj specifikaciji prodajnog mjesta Eurospin - točka 12.2.,,,,,
,,,,,,
12.2.1.,Komarnik ,,,,,
,"Izrada, isporuka i ugradnja vanjskog komarnika u fiksnom aluminijskom okviru, sive mat boje RAL 7043 GLOSS 20, kao prozori. Ugradnja direktno na vanjsku stranu prozora koji se otvaraju.
U stavci uključen sav potreban spojni i montažni pribor.
Izvedba u svemu prema standardnoj tehničkoj specifikaciji prodajnog mjesta Eurospin - točka 12.2.3.
Obračun po kompletu.",,,,,
12.2.1.a.,"komarnik uz prozor P1, dimenzija 140/100 cm.",komplet,2,105,210,
12.2.1.b.,"komarnik uz prozor P2, dimenzija 420/100 cm.",komplet,1,210,210,
12.2.1.c.,"komarnik uz prozore P3 i P4, dimenzija 500/100 cm.",komplet,2,350,700,
,,,,UKUPNO:,1120,
,,,,,,
12.2.2.,Ulazna stijena poslovnog prostora na prvom katu,,,,,
,"Izrada, doprema na gradilište, ugradnja i pripasivanje ulazne trodijelne stijene od PVC profila - jednokrilna, zaokretna vrata, fiksno polje i zaokretno-otklopni prozor, ukupnih dimenzija 290x127-222 cm. Vrata svijetle mjere 91/215 cm.
Svi PVC profili 6 komorni s ugrađenim čeličnim profilom - ojačanjem, s 2 (dvije) brtve.
Okov je sistemski, klase antikorozivnosti 5 prema HRN EN 1670. Koeficijent prolaska topline Uw=1,55 W/m2K.
Ostakljenje IZO staklom: 44.2 low iron (laminirano staklo 4+4 mm, s PVB folijom debljine 0,76 mm) + 16 mm šupljina ispunjena argonom + 44.2 mid iron (laminirano staklo 4+4 mm, s akustičnom PVB folijom debljine 0,76 mm); lowE, Ug=1,1 W/m2K.
Ugradnja u postojeći ab zid, zid od opeke i sl. s toplinskom fasadom.
Stavka uključuje sve potrebne elemente",,,,,
,"pričvršćenja - slijepe dovratnike, spojne ploče i vijčani pribor u skladu s Eurospin standardom.
U jediničnoj cijeni stavke uključene su sve obrade priključaka vrata na konstrukciju građevine i na druge sustave fasadne obloge - opšavi od aluminijskog lima završne obrade kao profili.
Boja po izboru predstavnika investitora, bijela.
Vrata opremiti:
1. okovom za zaokretna krila - podesivim pantima, minimalno 3 kom/krilu, otvaranje prema unutra;
2. cilindar bravom s 3 točke zaključavanja za jednokrilna vrata + ključ u sustavu masterkeya;
3. evakuacijskom kvakom iznutra i fiksnom kuglom s rozetom izvana, u inox izvedbi, sukladno HRN EN 179 ili jednakovrijedno;
4. donji profil, prag je aluminijski, s prekidom toplinskog mosta, ukupne visine 20 mm, na spoju s podom treba biti pripremljen za prihvat hidroizolacije te se dodatnim profilom vezati na",,,,,
,"vanjsko opločenje stepenica cca 2 cm niže od nivoa poda unutar građevine, s vanjske strane EPDM brtva;
5. podnim ili zidnim graničnikom otvaranja.
Ugradnju izvesti prema smjernicama i pravilima RAL ugradnje i smjernicama dobavljača sistema. Stavka uključuje sve potrebne brtveće folije, bubreće trake i montažne pjene.
U stavci uključeno:
_ sav potreban spojni i montažni pribor;
_ zaštita PE folijom nakon ugradnje;
_ završno brtvljenje i popravci eventualnih oštećenja do pune estetske gotovosti.
Mjesto ugradbe: prvi kat, novi vanjski ulaz. Obračun po komadu / kompletu kompletne izvedbe, do potpune gotovosti i pune funkcionalnosti.",,,,,Napomena: prema uputi investitora stavka uklonjena iz ponude - ne izvodi se
12.2.2.a.,,komplet,1,,,
,,,,,,
12.2.,NESTANDARDNA VANJSKA BRAVARIJA UKUPNO:,,,,1120,0
,,,,,,
12.3.,STANDARDNA UNUTARNJA BRAVARIJA,,,,,
,,,,,,
,OPĆI UVJETI,,,,,
,,,,,,
,Izvedba u svemu prema standardnoj tehničkoj specifikaciji prodajnog mjesta Eurospin - točka 12.3.,,,,,
,,,,,,
12.3.1.,Unutarnja vrata pomoćnih prostora,,,,,
,,,,,,
12.3.1.1.,Unutarnja vrata predprostora za kupce,,,,,
,"Dobava materijala, izrada, suha montaža, opremanje i završna obrada unutarnjih jednokrilnih zaokretnih punih vrata predprostora za kupce iz PVC ploča i profila, presvučena glatkim plastičnim laminatom otpornim na ogrebotine. Dovratnik, krilo, pokrovne letvice završna obrada i rub panela u PVC-u u boji RAL 9010.
Vrata opremiti:
1. okovom za zaokretna krila - podesivim pantima, minimalno 3 kom/krilu;
2. europrofilnom cilindar bravom i 3 ključa u inox izvedbi;
3. ručkama protiv zapinjanja kružnog presjeka s obje strane (duge ručke na ulaznim vratima iz prodajnog prostora u skladu s propisom o pristupačnosti za osobe s invaliditetom) i rozetama u inox izvedbi;
4. podnim ili zidnim graničnikom otvaranja.
Završna obrada pribora u satenskom kromu.",,,,,
,"U stavci uključeno:
_ sav potreban spojni i montažni pribor;
_ zaštita PE folijom nakon ugradnje;
_ završno brtvljenje i popravci eventualnih oštećenja do pune estetske gotovosti.
Izvedba u svemu prema standardnoj tehničkoj specifikaciji prodajnog mjesta Eurospin - točka 12.3.1.a)
Detalji izvedbe u svemu prema standardnoj tehničkoj specifikaciji prodajnog mjesta Eurospin - poglavlje 12. - grafički prikaz 37.
Sve prema shemi bravarije U1.
Obračun po kompletu.",,,,,
12.3.1.1.a.,Vrata dimenzija 98/229 cm.,komplet,1,,,
,,,,,,
12.3.1.2.,Unutarnja vrata WC-a za kupce,,,,,
,"Dobava materijala, izrada, suha montaža, opremanje i završna obrada unutarnjih jednokrilnih zaokretnih punih vrata WC-a za kupce, iz PVC ploča i profila, presvučena glatkim plastičnim laminatom otpornim na ogrebotine. Dovratnik, krilo, pokrovne letvice završna obrada i rub panela u PVC-u u boji RAL 9010.
Vrata opremiti:
1. okovom za zaokretna krila - podesivim pantima, minimalno 3 kom/krilu;
2. cilindar bravom i 3 ključa u inox izvedbi;
3. kvakama i rozetama u inox izvedbi.
Kvaka s magnetom za zatvaranje s unutarnje strane i pokazivačem slobodno / zauzeto s vanjske strane;
4. hidrauličnom povratnom pumpom s vodilicom na vratnom krilu (osim u WC-u osoba s invaliditetom i smanjene pokretljivosti);
5. podnim ili zidnim graničnikom otvaranja.
6. prestrujnom rešetkom u donjoj zoni vratnog",,,,,
,"krila, dimenzija 325/125 mm, prema strojarskom projektu (dobava obračunata zasebno).
U stavci uključeno:
_ sav potreban spojni i montažni pribor;
_ zaštita PE folijom nakon ugradnje;
_ završno brtvljenje i popravci eventualnih oštećenja do pune estetske gotovosti.
Izvedba u svemu prema standardnoj tehničkoj specifikaciji prodajnog mjesta Eurospin - točka 12.3.1.b)
Detalji izvedbe u svemu prema standardnoj tehničkoj specifikaciji prodajnog mjesta Eurospin - poglavlje 12. - grafički prikaz 37.
Obračun po kompletu.",,,,,
12.3.1.2.a.,"Vrata dimenzija 88/214 cm - vrata predprostora wc-a za kupce i vrata wc kabina za kupce.
Sve prema shemi bravarije U3.",komplet,4,,,
12.3.1.2.b.,"Vrata dimenzija 98/214 cm - vrata WC-a osoba s invaliditetom i smanjene pokretljivosti.
 Sve prema shemi bravarije U2.",komplet,1,,,
,,,,UKUPNO:,0,
,,,,,,
12.3.1.3.,Unutarnja vrata prostora za radnike,,,,,
,"Dobava materijala, izrada, suha montaža, opremanje i završna obrada unutarnjih jednokrilnih zaokretnih punih vrata prostorija za radnike, iz PVC ploča i profila, presvučena glatkim plastičnim laminatom otpornim na ogrebotine. Dovratnik, krilo, pokrovne letvice završna obrada i rub panela u PVC-u u boji RAL 9010.
Vrata opremiti:
1. okovom za zaokretna krila - podesivim pantima, minimalno 3 kom/krilu;
2. cilindar bravom i 3 ključa u inox izvedbi;
3. kvakama i rozetama u inox izvedbi; Kvaka s magnetom za zatvaranje s unutarnje strane i pokazivačem slobodno / zauzeto s vanjske strane;
4. hidrauličnom povratnom pumpom s vodilicom na vratnom krilu;
5. podnim ili zidnim graničnikom otvaranja.
6. prestrujnom rešetkom u donjoj zoni vratnog krila, dimenzija 325/125 mm, prema strojarskom",,,,,
,"projektu (dobava obračunata zasebno).
U stavci uključeno:
_ sav potreban spojni i montažni pribor;
_ zaštita PE folijom nakon ugradnje;
_ završno brtvljenje i popravci eventualnih oštećenja do pune estetske gotovosti.
Izvedba u svemu prema standardnoj tehničkoj specifikaciji prodajnog mjesta Eurospin - točka 12.3.1.c)
Detalji izvedbe u svemu prema standardnoj tehničkoj specifikaciji prodajnog mjesta Eurospin - poglavlje 12. - prikaz 37.
Obračun po kompletu.",,,,,
12.3.1.3.a.,"Vrata dimenzija 88/214 cm.
Sve prema shemi bravarije U3.
Mjesto ugradbe: garderobe radnika, WC radnika, prostor za odmor.",komplet,7,,,
12.3.1.3.b.,"Vrata dimenzija 74/185 cm.
Mjesto ugrabde: tuš kabina.",komplet,2,,,
,,,,UKUPNO:,0,
,,,,,,
12.3.1.,Unutarnja vrata pomoćnih prostora UKUPNO:,,,,0,0
,,,,,,
,,,,,,
12.3.3.,Unutarnja vrata kontrolne sobe,,,,,
,"Dobava materijala, izrada, suha montaža, opremanje i završna obrada unutarnjih zaokretnih protuprovalnih punih vrata kontrolnog ureda/trezora.
Vrata klase 3 otpornosti na provalu prema UNI –ENV 1627-30, svj. mjere 90/240 cm, sa samonosivim čeličnim okvirom.
U kompletu s električnom motoriziranom bravom koja se otvara bedžom, obračunata zasebno, (vrijeme otvaranja izvana s bedžom ili iznutra s ručkom manje od 2 sekunde), uključujući isporuku 3 bedža i ključa za hitan pristup u slučaju kvara na mreži izvana. Vrata se uvijek otvaraju iznutra pomoću ručke čak i u slučaju kvara na mreži.
Dovratnik i okvir vratnih krila izrađeni od aluminijskih profila. Krila obložena aluminijskim limom i ispunjena negorivom kamenom vunom.
Špalete oko ugradbenog otvora opšivaju se u punoj širini limom i rubnim kutnim lajsnama. Opšav izrađen od aluminijskog lima, završno obrađen kao",,,,,
,"dovratnik i krilo. Montaža skrivenim mehaničkim pričvršćenjem.
Završna obrada profila plastificiranjem u boji RAL 9010.
Vrata opremiti:
1. protuprovalnim okovom za zaokretna krila;
2. protuprovalnom cilindar bravom i 3 ključa u inox izvedbi;
3. kvakom, kuglom i rozetama u inox izvedbi, na strani prodajnog prostora opremljena kuglom;
4. priprema za ugradbu električne brave;
5. hidrauličnom povratnom pumpom s vodilicom na vratnom krilu;
6. podnim ili zidnim graničnikom otvaranja;
7. okvir od čeličnih profila za ugradnju na zid u boji RAL 9010.
Završna obrada pribora u satenskom kromu.
U stavci uključeno:
_ sav potreban spojni i montažni pribor;
_ zaštita PE folijom nakon ugradnje;",,,,,
,"_ završno brtvljenje i popravci eventualnih oštećenja do pune estetske gotovosti.
Izvedba u svemu prema standardnoj tehničkoj specifikaciji prodajnog mjesta Eurospin - točka 12.3.3.
Detalji izvedbe u svemu prema standardnoj tehničkoj specifikaciji prodajnog mjesta Eurospin - poglavlje 12. - grafički prikaz 38.
Sve prema shemi bravarije U7.
Obračun po kompletu.",,,,,
12.3.3.a.,,komplet,1,,,
,,,,,,
,,,,,,
,,,,,,
12.3.6.,Unutarnji prozor prostora za obradu mesa,,,,,
,"Dobava materijala, izrada, suha montaža, opremanje i završna obrada unutarnjeg jednodjelnog fiksno ostakljenog prozora prostora za obradu mesa.
Doprozornici izrađeni od aluminijskih profila bez riješenog toplinskog mosta - hladni profil širine 50 mm, kao Metra NC50 ili jednakovrijedno.
Ostakljenje sigurnosnim laminiranim staklom 5+5 mm, s PVB folijom, debljine 0,76 mm, ekstra prozirno, polirano sa svih strana podijeljeno u 4 polja.
Stavka uključuje sve potrebne elemente pričvršćenja - slijepe doprozornike, spojne ploče i vijčani pribor u skladu s Eurospin standardom.
U jediničnoj cijeni stavke uključene su sve obrade priključaka prozora na konstrukciju građevine - opšavi od aluminijskog lima završne obrade kao profili.
Završna obrada profila plastificiranjem u boji RAL 7035.",,,,,
,"U stavci uključeno:
_ sav potreban spojni i montažni pribor;
_ zaštita PE folijom nakon ugradnje;
_ završno brtvljenje i popravci eventualnih oštećenja do pune estetske gotovosti.
Izvedba u svemu prema standardnoj tehničkoj specifikaciji prodajnog mjesta Eurospin - točka 12.3.7.
Detalji izvedbe u svemu prema standardnoj tehničkoj specifikaciji prodajnog mjesta Eurospin - poglavlje 12. - grafički prikaz 39.
Sve prema shemi bravarije U6.
Obračun po kompletu i kg.",,,,,
12.3.6.a.,Prozor dimenzija 605x200 cm.,komplet,1,5000,5000,
,,,,UKUPNO:,5000,
,,,,,,
12.3.,STANDARDNA UNUTARNJA BRAVARIJA UKUPNO:,,,,5000,
,,,,,,
,,,,,,
12.,BRAVARIJA UKUPNO:,,,,84152.99,
