"GLAVNI PROJEKTANT: Silva Grubešić Horvat, dipl.ing.arh., A 2191
TROŠKOVNIK: KEOPS-PROJEKT d.o.o., Zagreb
IZRADIO: Vedran Subotić, struč.spec.ing.aedif., G5923
Z.O.C.P.: PBV-1/25, travanj 2025.",,REKONSTRUKCIJA POSTOJEĆE POSLOVNE GRAĐEVINE TRGOVAČKE I UREDSKE NAMJENE – TRGOVAČKI CENTAR EUROSPIN,,,"INVESTITOR:
EUROSPIN HRVATSKA d.o.o.
Rijeka, Jelačićev trg 7"
broj stavke,tekst stavke,jedinica mjere,količina,jedinična cijena ,cijena
,,,,,
8.,ISKOPI I NASIPAVANJA VANJSKIH POVRŠINA,,,,
,,,,,
,"NAPOMENA:   Radovi se izvode prema opisu u troškovniku, prema podacima iz projektne dokumentacije, uz rješavanje svih eventualnih pitanja u suradnji s projektantom i u skladu s važećim standardima. Sav upotrebljeni materijal mora odgovarati postojećim propisima i standardima. Prije izvedbe obavezno uzeti točne mjere svih elemenata na lokaciji.",,,,
,"Radovi iskopa rovova kanalizacije, vodovoda, priključaka elektrike, plina, telefona i svih ostalih priključaka nisu predmet obrade ovog troškovnika, kao ni radovi uređenja okoliša građevine.
Dužnost je izvođača da utvrdi pravi sastav tla, odnosno njegovu kategoriju i ukoliko odstupa od  kategorije tla predviđene projektnom dokumentacijom, dužan je o tome obavijestiti projektanta i nadzornog inženjera. Potrebno je po izvedbi iskopa na projektiranu kotu izvršiti pregled po nadzornom inžinjeru, te utvrditi da li zatečena svojstva odgovaraju svojstvima određenima projektnom dokumentacijom. Podatke o navedenom pregledu, te potrebnim mjerama koje će se eventualno morati provesti potrebno je notirati u građevinski dnevnik izvođača radova.  Planiranje dna širokog iskopa s točnošću od +/- 3 cm, što je uključeno u jediničnu cijenu. Pripremanje iskopa vrši se u prisustvu nadzornog inženjera. Eventualno potrebni dodatni iskopi platit će se prema stvarnim količinama. Ukoliko izvođač prilikom iskopa zemlje naiđe na bilo kakve predmete, objekte ili instalacije, dužan je na tom mjestu obustaviti radove i o tome obavijestiti investitora i nadzornog inženjera. 
Podupiranja, razupiranja i zaštita iskopa od oborinskih voda, obuhvaćena su jediničnim cijenama. Potrebna građa za podupiranje mora biti pripremljena na gradilištu prije početka iskopa. Ako se iskopane jame oštete, odrone ili zatrpaju nepažnjom, ili uslijed nedovoljnog podupiranja, izvođač ih dovodi u ispravno stanje, bez posebne naknade. Sve iskope unutar i oko postojeće građevine potrebno je izvoditi ručno, kako prilikom izvođenja radova ne bi došlo do oštećivanja postojećih konstruktivnih elemenata i temeljne konstrukcije građevine. Iskopani materijal transportira se u prijevozno sredstvo, te se otprema prema opisu pojedine stavke.",,,,
,"Pri izvedbi zemljanih radova moraju se u potpunosti primjenjivati postojeći propisi - Pravilnik o zaštiti na radu u građevinarstvu, građevinske norme i HTZ propisi.
Svi iskopi zemlje vrše se strojno, a samo djelomično ručno (planiranja). Iskope izvesti točno po projektu, u skladu s geomehaničkim izvještajem. Propisane mjere presjeka - profila ne smiju se prekoračiti bez posebnog odobrenja nadzorne službe.
Kosine širokog iskopa prilagoditi kategoriji terena.
Kod eventualne pojave vode (kiše, topljenje snijega ili podzemne vode) izvoditelj treba izvršiti odvodnjavanje iste sa iskopanih površina (sabirna okna i crpljenje vode), te zaštiti iskopane profile.
",,,,
,"Iskopani materijal upotrijebiti za nasipavanje i zatrpavanje. Isti treba prevesti na gradilišni deponij, uskladištiti te poslije upotrijebiti. Višak iskopanog materijala odvesti na gradski deponij.
Nasipavanje izvesti do tražene zbijenosti, odnosno u slojevima od po 30 cm, sa strojnim nabijanjem i vlaženjem vodom.
Prije početka ostalih radova geomehaničar treba pregledati kvalitetu tla i odobriti početak radova.
Jediničnom cijenom obuhvaćeno je:
 - sav rad i materijal;
 - svi prijenosi i prijevozi;
- sva potrebna priručna sredstva za izvođenje radova;
 - sva podupiranja i razupiranja ako su potrebna;
 - zaštitne mjere kod eventualne pojave vode;
- održavanje čistoće na vanjskim putevima kroz koje prolazi transport zemlje sa i na gradilište.
Obračun iskopanih i nasutih količina vršiti u sraslom stanju materijala, a prema postojećim normama GN. Sve koeficijente zbijenosti i rastresitosti obračunati u jediničnoj cijeni radova.",,,,
,"Radovi se izvode na ravnom terenu, u tlu A i B kategorije. Izvedbu zemljanih radova koordinirati sa geomehaničkim izvještajem i pismeno potvrditi upisom u građevinski dnevnik od strane ovlaštenog geomehaničara zaduženog za praćenje zemljanih radova.
U jediničnoj cijeni stavki iskopa uračunati regulaciju procjednih i podzemne vode za vrijeme trajanja zemljanih radova sustavom dreniranja i prepumpavanja.
Pokose iskopa zaštititi od erozije prema uputama iz geomehaničkog izvještaja i uz koordinaciju sa ovlaštenim geomehaničarom zaduženim za praćenje zemljanih radova.
U jediničnoj cijeni stavki iskopa uračunati izradu nanosnih skela u skladu sa uputama geodeta i geodetsko praćenje prijenosa ključnih geodetskih točaka na teren.
Izvođač radova je dužan kontrolirati kvalitetu temeljnog tla i prema potrebi uz suradnju sa ovlaštenim geomehaničarom i nadzornim inženjerom odrediti metodu poboljšanja nosivog tla.
Izvođač zemljanih radova je dužan osigurati pranje vozila prije izlaska sa gradilišta i održavanje čistoće pristupnih puteva za vrijeme trajanja svih radova.
Izvođač radova je dužan ishoditi dozvolu i platiti naknadu za prekomjernu upotrebu javnih cesta.
Izvođač radova je dužan ishoditi dozvolu i platiti naknadu za eksploataciju rudnih bogatstava odnosno snosi sve troškove zbrinjavanje iskopanog materijala na trajnoj deponiji.",,,,
,"Obaveza je izvođača proučiti sve projekte predmetne građevine, te u jedinične cijene stavki uračunati sve radove, potrebne materijale, njihove količine i/ili sl. (eventualno ne specificirane posebno u samom troškovniku), a koji su potrebni za potpuno dovršenje građevine, tj. dovođenje u stanje ""potpuno spremno za uporabu"", do pune gotovosti i funkcionalnosti. Svi takvi radovi i materijali trebaju biti uračunati u jedinične cijene.
Obračun radova vrši se prema važećim propisima, po stvarno izvedenim količinama. Jediničnom cijenom obuhvaćen je sav rad, potreban materijal s transportom na gradilište, skele potrebne za izvođenje pojedinih radova, primjena mjera zaštite na radu i drugih važećih propisa.",,,,
,,,,,
8.1,ISKOPI,,,,
8.1.1,"
Opće čišćenje područja",,,,
,"Opće čišćenje zemljišta na cijelom području, počevši od razine tla, koju su utvrdila geotehnička i geološka istraživanja. Uključuje naknadu za utovar, prijevoz na javno odlagalište ili privremenu deponiju, istovar, zbrinjavanje i troškove odlaganja otpada.",,,,
,,,,,
8.1.1.a,Uklanjanje humusa debljine 20 cm. Obračun po m2.,m2 ,63.5,7,444.5
8.1.1.b,"Uklanjanje grmlja, korijena i stabla promjera debla do 10 cm. Obračun po kom.",kom,2,5.6,11.2
8.1.1.c,"Uklanjanje korijena i stabla tipa čempres, visine do 8,0 m. Obračun po kom.",kom,1,80,80
8.1.1.d,"Uklanjanje habajućih i nosivih asfaltnih slojeva, debljine min. 10 cm. Obračun po m2.",m2 ,2361,3,7083
8.1.1.e,"Uklanjanje nosivog sloja asfaltnih površina od drobljenog kamena, debljine min. 30 cm. Ukoliko materijal kvalitetom udovoljava materijalom za ugradnju novog temeljnog ili osnovnog nosivog sloja planiranih kolničkih konstrukcija svih tipova, potrebno ga je privremeno deponirati. Kvalitetu treba utvrditi laboratorijskim ispitivanjem, a ugradnju mora odobriti nadzorni inženjer. Obračun po m3.",m3,708.5,8,5668
8.1.1.f,"Uklanjanje betonskih površina debljine min. 20 cm oko postojećeg objekta . Obračun po m3.
",m3,58.5,95,5557.5
8.1.1.g,"Uklanjanje sloja krupnozrnatog nevezanog materijala debljine min. 30 cm. Ukoliko materijal kvalitetom udovoljava materijalom za ugradnju novog temeljnog ili osnovnog nosivog sloja planiranih kolničkih konstrukcija svih tipova, potrebno ga je privremeno deponirati. Kvalitetu treba utvrditi laboratorijskim ispitivanjem, a ugradnju mora odobriti nadzorni inženjer. Obračun po m3.
",m3,1870.5,8,14964
8.1.1.h,Uklanjanje metalnih ograda. Obračun po m'.,m',138,9,1242
8.1.1.i,"Rušenje i uklanjanje armirano betonskog ogradnog parapeta, širine 30-35 cm, visine cca 60 cm s temeljima širine cca 50 cm i visine cca 80 cm. Obračun po m'.",m',43,38,1634
8.1.1.j,"Demontaža i uklanjanje postojećih rasvjetnih stupova, betonskih, uključujući njihove temelje te iskopčavanje s mreže.  Obračun po kom.",kom,2,130,260
8.1.1.k,Uklanjanje postojećih betonskih rubnjaka uključujući i njihove temelje. Obračun po m'.,m',56,9,504
8.1.1.l,Uklanjanje postojećih linijskih kanalica sa željeznom rešetkom. Obračun pod m' kanalice.,m',35.5,9,319.5
8.1.1.m,Uklanjanje slivnika uključujući i slivničke veze. Obračun po komadu slivnika.,kom,6,70,420
8.1.1.n,"Niveliranje poklopaca revizionih okana, kanalizacije, zasunskih komora, kućišta hidranata, hidrantskih ormarića, vodomjernih okana, vodozatvarača, el. šahtova i drugih instalacija koje ostaju u funkciji nakon izgradnje prometnih površina.
Ovim radovima obuhvaćeno je:
• demontiranje poklopca i okvira, te ponovno postavljanje na projektiranu visinu
• rušenje, dobetoniranje betonske ploče i zidova do visine okolne prometne površine
• odvoz viška materijala
• dobava ispostavljane oplate, doprema i ugradnja betona uz geodetsko praćenje visinskih kota.
Uračunat je sav potreban pribor i materijal.
Obračun po komadu kompletno niveliranog okna.",kom,24,175,4200
,,,,,0
8.1.2,Glavni iskop vanjskih površina,,,,0
,Strojni široki iskop na donju kotu temeljnog nosivog sloja kolničkih konstrukcija sa direktnim utovarom u transporter i odvozom na javno odlagalište otpada ili odvoz na privremenu deponiju zbog kasnije ugradnje.,,,,0
,"Završni sloj iskopa je potrebno zbiti do vrijednosti Ms 40 MPa. Ako traženu vrijednost nije moguće postići, treba izvesti intervenciju za povećanje nosivosti tla u vidu polaganja geotekstila, izvedbe stablizacije ili zamjene materijala u debljini koju odredi geomehaničar ili nadzorni inženjer.",,,,0
,Tlo B i C kategorije.,,,,0
,Izvedba u svemu prema standardnoj tehničkoj specifikaciji prodajnog mjesta Eurospin - točka 9.1.2,,,,0
,Obračun po m3.,m3,253,7,1771
,,,,,0
8.3,NASIPAVANJA,,,,0
8.3.1,Izrada nasipa do površine donje kote nosivog sloja kolničkih konstrukcija,,,,0
,"Dobava materijala, transporti, nasipavanje i zbijanje drobljenca granulacije 0-100 mm u slojevima debljine do maksimalno 30 cm",,,,0
,"Materijal mora udovoljiti uvjetima norme HRN EN 13242 ili jednakovrijedno.
Ravnost površine nasipa mjeri se kao odstupanje površine sloja od letve duljine 4,0 m. Odstupanje smije biti najviše 20 mm, sve prema HRN DIN 18202 ili jednakovrijedno.",,,,0
,"Stavka uključuje strojno zbijanje do zbijenosti min. 40 MPa. Uključeno mjerenje modula stišljivosti kružnom pločom promjera 30 cm, na svakih 500 m2. ",,,,0
,Moguća je ugradnja materijala iz iskopa ako isti udovoljava zahtjeve opisane u ovoj stavci. Materijal mora odobriti nadzorni inženjer.,,,,
,Izvedba u svemu prema standardnoj tehničkoj specifikaciji prodajnog mjesta Eurospin - točka 2.3.1,,,,
,Obračun po m3.,,,,
,a) ugradnja materijala iz iskopa,m3,253,8,2024
,b) dobava i ugradnja novog materijala,m3,162.5,32,5200
,,,,,0
8.4,STANDARDNI NOSIVI SLOJEVI,,,,0
8.4.1,"
Temeljni sloj kamenog materijala zbijene debljine najmanje 40 cm ",,,,0
,"Dobava materijala, transporti, nasipavanje i zbijanje drobljenca granulacije 0-63 mm u slojevima debljine od 20 cm, ukupne debljine 40 cm u zbijenom stanju. ",,,,0
,"Materijal mora udovoljiti uvjetima norme HRN EN 13242 ili jednakovrijedno.
Ravnost površine nasipa mjeri se kao odstupanje površine sloja od letve duljine 4,0 m. Odstupanje smije biti najviše 20 mm, sve prema HRN DIN 18202 ili jednakovrijedno.",,,,0
,"Stavka uključuje strojno zbijanje do zbijenosti min. 80 MPa. Uključeno mjerenje modula stišljivosti kružnom pločom promjera 30 cm, na svakih 500 m2. ",,,,0
,Izvedba u svemu prema standardnoj tehničkoj specifikaciji prodajnog mjesta Eurospin - točka 2.4.1,,,,0
,Obračun po m3.,m3,1229,32,39328
8.4.2,"
Osnovni sloj kamenog materijala zbijene debljine najmanje 10 cm ",,,,0
,"Dobava materijala, transporti, nasipavanje i zbijanje drobljenca granulacije 0-32 mm u sloju debljine 10 cm u zbijenom stanju.  ",,,,0
,"Materijal mora udovoljiti uvjetima norme HRN EN 13242 ili jednakovrijedno.
Ravnost površine nasipa mjeri se kao odstupanje površine sloja od letve duljine 4,0 m. Odstupanje smije biti najviše 20 mm, sve prema HRN DIN 18202 ili jednakovrijedno.",,,,0
,"Stavka uključuje strojno zbijanje do zbijenosti min. 100 MPa. Uključeno mjerenje modula stišljivosti kružnom pločom promjera 30 cm, na svakih 500 m2. ",,,,0
,Izvedba u svemu prema standardnoj tehničkoj specifikaciji prodajnog mjesta Eurospin - točka 2.4.2,,,,0
,Obračun po m3.,m3,281,32,8992
,ISKOPI I NASIPI GRAĐEVINE UKUPNO:,,,,99702.7
